Using pre-set license
Built from '6000.0/staging' branch; Version is '6000.0.39f1 (15ea7ed0b100) revision 1436286'; Using compiler version '193933523'; Build Type 'Release'
OS: 'Windows 11  (10.0.26100) 64bit Core' Language: 'fr' Physical Memory: 16003 MB
BatchMode: 1, IsHumanControllingUs: 0, StartBugReporterOnCrash: 0, Is64bit: 1, IsPro: 1

COMMAND LINE ARGUMENTS:
C:\Program Files\Unity\Hub\Editor\6000.0.39f1\Editor\Unity.exe
-adb2
-batchMode
-noUpm
-name
AssetImportWorker1
-projectPath
C:/Users/theos/OneDrive/Bureau/travail ESGI/PA_Recursive
-logFile
Logs/AssetImportWorker1.log
-srvPort
60749
-job-worker-count
9
-background-job-worker-count
8
-gc-helper-count
1
Successfully changed project path to: C:/Users/theos/OneDrive/Bureau/travail ESGI/PA_Recursive
C:/Users/theos/OneDrive/Bureau/travail ESGI/PA_Recursive
[UnityMemory] Configuration Parameters - Can be set up in boot.config
    "memorysetup-bucket-allocator-granularity=16"
    "memorysetup-bucket-allocator-bucket-count=8"
    "memorysetup-bucket-allocator-block-size=33554432"
    "memorysetup-bucket-allocator-block-count=8"
    "memorysetup-main-allocator-block-size=16777216"
    "memorysetup-thread-allocator-block-size=16777216"
    "memorysetup-gfx-main-allocator-block-size=16777216"
    "memorysetup-gfx-thread-allocator-block-size=16777216"
    "memorysetup-cache-allocator-block-size=4194304"
    "memorysetup-typetree-allocator-block-size=2097152"
    "memorysetup-profiler-bucket-allocator-granularity=16"
    "memorysetup-profiler-bucket-allocator-bucket-count=8"
    "memorysetup-profiler-bucket-allocator-block-size=33554432"
    "memorysetup-profiler-bucket-allocator-block-count=8"
    "memorysetup-profiler-allocator-block-size=16777216"
    "memorysetup-profiler-editor-allocator-block-size=1048576"
    "memorysetup-temp-allocator-size-main=16777216"
    "memorysetup-job-temp-allocator-block-size=2097152"
    "memorysetup-job-temp-allocator-block-size-background=1048576"
    "memorysetup-job-temp-allocator-reduction-small-platforms=262144"
    "memorysetup-allocator-temp-initial-block-size-main=262144"
    "memorysetup-allocator-temp-initial-block-size-worker=262144"
    "memorysetup-temp-allocator-size-background-worker=32768"
    "memorysetup-temp-allocator-size-job-worker=262144"
    "memorysetup-temp-allocator-size-preload-manager=33554432"
    "memorysetup-temp-allocator-size-nav-mesh-worker=65536"
    "memorysetup-temp-allocator-size-audio-worker=65536"
    "memorysetup-temp-allocator-size-cloud-worker=32768"
    "memorysetup-temp-allocator-size-gi-baking-worker=262144"
    "memorysetup-temp-allocator-size-gi-baking-worker=262144"
    "memorysetup-temp-allocator-size-gi-baking-worker=262144"
    "memorysetup-temp-allocator-size-gi-baking-worker=262144"
    "memorysetup-temp-allocator-size-gi-baking-worker=262144"
    "memorysetup-temp-allocator-size-gfx=262144"
Player connection [30712]  Target information:

Player connection [30712]  * "[IP] 172.29.176.1 [Port] 0 [Flags] 2 [Guid] 2947437828 [EditorId] 2947437828 [Version] 1048832 [Id] WindowsEditor(7,LAPTOP-UEPE4A24) [Debug] 1 [PackageName] WindowsEditor [ProjectName] Editor" 

Player connection [30712]  * "[IP] 192.168.1.41 [Port] 0 [Flags] 2 [Guid] 2947437828 [EditorId] 2947437828 [Version] 1048832 [Id] WindowsEditor(7,LAPTOP-UEPE4A24) [Debug] 1 [PackageName] WindowsEditor [ProjectName] Editor" 

Unable to join player connection multicast group (err: 10013).
Player connection [30712] Host joined alternative multi-casting on [225.0.0.222:34997]...
JobSystem: Creating JobQueue using job-worker-count value 9
Input System module state changed to: Initialized.
[Physics::Module] Initialized fallback backend.
[Physics::Module] Id: 0xdecafbad
Library Redirect Path: Library/
[Physics::Module] Selected backend.
[Physics::Module] Name: PhysX
[Physics::Module] Id: 0xf2b8ea05
[Physics::Module] SDK Version: 4.1.2
[Physics::Module] Integration Version: 1.0.0
[Physics::Module] Threading Mode: Multi-Threaded
Refreshing native plugins compatible for Editor in 6.49 ms, found 3 plugins.
Preloading 0 native plugins for Editor in 0.00 ms.
Initialize engine version: 6000.0.39f1 (15ea7ed0b100)
[Subsystems] Discovering subsystems at path C:/Program Files/Unity/Hub/Editor/6000.0.39f1/Editor/Data/Resources/UnitySubsystems
[Subsystems] Discovering subsystems at path C:/Users/theos/OneDrive/Bureau/travail ESGI/PA_Recursive/Assets
GfxDevice: creating device client; kGfxThreadingModeNonThreaded
Direct3D:
    Version:  Direct3D 11.0 [level 11.1]
    Renderer: NVIDIA GeForce RTX 4050 Laptop GPU (ID=0x28e1)
    Vendor:   NVIDIA
    VRAM:     5921 MB
    Driver:   32.0.15.6607
Initialize mono
Mono path[0] = 'C:/Program Files/Unity/Hub/Editor/6000.0.39f1/Editor/Data/Managed'
Mono path[1] = 'C:/Program Files/Unity/Hub/Editor/6000.0.39f1/Editor/Data/MonoBleedingEdge/lib/mono/unityjit-win32'
Mono config path = 'C:/Program Files/Unity/Hub/Editor/6000.0.39f1/Editor/Data/MonoBleedingEdge/etc'
Using monoOptions --debugger-agent=transport=dt_socket,embedding=1,server=y,suspend=n,address=127.0.0.1:56012
Begin MonoManager ReloadAssembly
Registering precompiled unity dll's ...
Register platform support module: C:/Program Files/Unity/Hub/Editor/6000.0.39f1/Editor/Data/PlaybackEngines/WindowsStandaloneSupport/UnityEditor.WindowsStandalone.Extensions.dll
Registered in 0.006207 seconds.
- Loaded All Assemblies, in  0.794 seconds
Native extension for WindowsStandalone target not found
Mono: successfully reloaded assembly
- Finished resetting the current domain, in  0.617 seconds
Domain Reload Profiling: 1407ms
	BeginReloadAssembly (360ms)
		ExecutionOrderSort (0ms)
		DisableScriptedObjects (0ms)
		BackupInstance (0ms)
		ReleaseScriptingObjects (0ms)
		CreateAndSetChildDomain (2ms)
	RebuildCommonClasses (65ms)
	RebuildNativeTypeToScriptingClass (15ms)
	initialDomainReloadingComplete (85ms)
	LoadAllAssembliesAndSetupDomain (265ms)
		LoadAssemblies (354ms)
		RebuildTransferFunctionScriptingTraits (0ms)
		AnalyzeDomain (261ms)
			TypeCache.Refresh (256ms)
				TypeCache.ScanAssembly (226ms)
			BuildScriptInfoCaches (0ms)
			ResolveRequiredComponents (2ms)
	FinalizeReload (618ms)
		ReleaseScriptCaches (0ms)
		RebuildScriptCaches (0ms)
		SetupLoadedEditorAssemblies (529ms)
			LogAssemblyErrors (0ms)
			InitializePlatformSupportModulesInManaged (42ms)
			SetLoadedEditorAssemblies (5ms)
			BeforeProcessingInitializeOnLoad (66ms)
			ProcessInitializeOnLoadAttributes (288ms)
			ProcessInitializeOnLoadMethodAttributes (128ms)
			AfterProcessingInitializeOnLoad (0ms)
			EditorAssembliesLoaded (0ms)
		ExecutionOrderSort2 (0ms)
		AwakeInstancesAfterBackupRestoration (0ms)
========================================================================
Worker process is ready to serve import requests
Import Worker Mode flag is 0x00
Begin MonoManager ReloadAssembly
- Loaded All Assemblies, in  1.989 seconds
Refreshing native plugins compatible for Editor in 2.92 ms, found 3 plugins.
Native extension for WindowsStandalone target not found
Mono: successfully reloaded assembly
- Finished resetting the current domain, in  1.711 seconds
Domain Reload Profiling: 3605ms
	BeginReloadAssembly (331ms)
		ExecutionOrderSort (0ms)
		DisableScriptedObjects (13ms)
		BackupInstance (0ms)
		ReleaseScriptingObjects (0ms)
		CreateAndSetChildDomain (72ms)
	RebuildCommonClasses (83ms)
	RebuildNativeTypeToScriptingClass (18ms)
	initialDomainReloadingComplete (94ms)
	LoadAllAssembliesAndSetupDomain (1366ms)
		LoadAssemblies (974ms)
		RebuildTransferFunctionScriptingTraits (0ms)
		AnalyzeDomain (580ms)
			TypeCache.Refresh (383ms)
				TypeCache.ScanAssembly (325ms)
			BuildScriptInfoCaches (140ms)
			ResolveRequiredComponents (48ms)
	FinalizeReload (1712ms)
		ReleaseScriptCaches (0ms)
		RebuildScriptCaches (0ms)
		SetupLoadedEditorAssemblies (1277ms)
			LogAssemblyErrors (0ms)
			InitializePlatformSupportModulesInManaged (5ms)
			SetLoadedEditorAssemblies (12ms)
			BeforeProcessingInitializeOnLoad (222ms)
			ProcessInitializeOnLoadAttributes (829ms)
			ProcessInitializeOnLoadMethodAttributes (194ms)
			AfterProcessingInitializeOnLoad (14ms)
			EditorAssembliesLoaded (0ms)
		ExecutionOrderSort2 (0ms)
		AwakeInstancesAfterBackupRestoration (19ms)
Launched and connected shader compiler UnityShaderCompiler.exe after 0.04 seconds
Refreshing native plugins compatible for Editor in 3.51 ms, found 3 plugins.
Preloading 0 native plugins for Editor in 0.00 ms.
Unloading 198 Unused Serialized files (Serialized files now loaded: 0)
Unloading 5945 unused Assets / (4.6 MB). Loaded Objects now: 6631.
Memory consumption went from 159.3 MB to 154.7 MB.
Total: 24.322800 ms (FindLiveObjects: 1.350100 ms CreateObjectMapping: 1.997600 ms MarkObjects: 13.457800 ms  DeleteObjects: 7.513500 ms)

========================================================================
Received Import Request.
  Time since last request: 19776.218457 seconds.
  path: Assets/InputSystem_Actions.inputactions
  artifactKey: Guid(052faaac586de48259a63d0c4782560b) Importer(815301076,1909f56bfc062723c751e8b465ee728b)
Start importing Assets/InputSystem_Actions.inputactions using Guid(052faaac586de48259a63d0c4782560b) Importer(815301076,1909f56bfc062723c751e8b465ee728b) (PreviewImporter) -> (artifact id: '5e3f70f0364ded6a0e35bba7f5564b43') in 0.0697667 seconds
Number of updated asset objects reloaded before import = 0Number of asset objects unloaded after import = 20

========================================================================
Received Prepare
Begin MonoManager ReloadAssembly
- Loaded All Assemblies, in  0.693 seconds
Refreshing native plugins compatible for Editor in 0.79 ms, found 3 plugins.
Native extension for WindowsStandalone target not found
Mono: successfully reloaded assembly
- Finished resetting the current domain, in  0.731 seconds
Domain Reload Profiling: 1424ms
	BeginReloadAssembly (194ms)
		ExecutionOrderSort (0ms)
		DisableScriptedObjects (5ms)
		BackupInstance (0ms)
		ReleaseScriptingObjects (0ms)
		CreateAndSetChildDomain (44ms)
	RebuildCommonClasses (33ms)
	RebuildNativeTypeToScriptingClass (11ms)
	initialDomainReloadingComplete (32ms)
	LoadAllAssembliesAndSetupDomain (422ms)
		LoadAssemblies (363ms)
		RebuildTransferFunctionScriptingTraits (0ms)
		AnalyzeDomain (163ms)
			TypeCache.Refresh (9ms)
				TypeCache.ScanAssembly (0ms)
			BuildScriptInfoCaches (142ms)
			ResolveRequiredComponents (9ms)
	FinalizeReload (732ms)
		ReleaseScriptCaches (0ms)
		RebuildScriptCaches (0ms)
		SetupLoadedEditorAssemblies (546ms)
			LogAssemblyErrors (0ms)
			InitializePlatformSupportModulesInManaged (3ms)
			SetLoadedEditorAssemblies (5ms)
			BeforeProcessingInitializeOnLoad (90ms)
			ProcessInitializeOnLoadAttributes (378ms)
			ProcessInitializeOnLoadMethodAttributes (63ms)
			AfterProcessingInitializeOnLoad (7ms)
			EditorAssembliesLoaded (0ms)
		ExecutionOrderSort2 (0ms)
		AwakeInstancesAfterBackupRestoration (17ms)
Refreshing native plugins compatible for Editor in 1.10 ms, found 3 plugins.
Preloading 0 native plugins for Editor in 0.00 ms.
Unloading 23 Unused Serialized files (Serialized files now loaded: 0)
Unloading 5941 unused Assets / (4.0 MB). Loaded Objects now: 6649.
Memory consumption went from 143.4 MB to 139.4 MB.
Total: 13.292400 ms (FindLiveObjects: 0.901000 ms CreateObjectMapping: 0.835500 ms MarkObjects: 6.248300 ms  DeleteObjects: 5.305300 ms)

Prepare: number of updated asset objects reloaded= 0
========================================================================
Received Prepare
Begin MonoManager ReloadAssembly
- Loaded All Assemblies, in  0.645 seconds
Refreshing native plugins compatible for Editor in 1.28 ms, found 3 plugins.
Native extension for WindowsStandalone target not found
Mono: successfully reloaded assembly
- Finished resetting the current domain, in  0.704 seconds
Domain Reload Profiling: 1347ms
	BeginReloadAssembly (173ms)
		ExecutionOrderSort (0ms)
		DisableScriptedObjects (5ms)
		BackupInstance (0ms)
		ReleaseScriptingObjects (0ms)
		CreateAndSetChildDomain (40ms)
	RebuildCommonClasses (32ms)
	RebuildNativeTypeToScriptingClass (11ms)
	initialDomainReloadingComplete (28ms)
	LoadAllAssembliesAndSetupDomain (400ms)
		LoadAssemblies (330ms)
		RebuildTransferFunctionScriptingTraits (0ms)
		AnalyzeDomain (158ms)
			TypeCache.Refresh (10ms)
				TypeCache.ScanAssembly (0ms)
			BuildScriptInfoCaches (134ms)
			ResolveRequiredComponents (10ms)
	FinalizeReload (705ms)
		ReleaseScriptCaches (0ms)
		RebuildScriptCaches (0ms)
		SetupLoadedEditorAssemblies (540ms)
			LogAssemblyErrors (0ms)
			InitializePlatformSupportModulesInManaged (2ms)
			SetLoadedEditorAssemblies (5ms)
			BeforeProcessingInitializeOnLoad (98ms)
			ProcessInitializeOnLoadAttributes (370ms)
			ProcessInitializeOnLoadMethodAttributes (58ms)
			AfterProcessingInitializeOnLoad (6ms)
			EditorAssembliesLoaded (0ms)
		ExecutionOrderSort2 (0ms)
		AwakeInstancesAfterBackupRestoration (14ms)
Refreshing native plugins compatible for Editor in 1.89 ms, found 3 plugins.
Preloading 0 native plugins for Editor in 0.00 ms.
Unloading 13 Unused Serialized files (Serialized files now loaded: 0)
Unloading 5941 unused Assets / (3.9 MB). Loaded Objects now: 6651.
Memory consumption went from 141.7 MB to 137.8 MB.
Total: 13.064500 ms (FindLiveObjects: 1.479300 ms CreateObjectMapping: 1.143500 ms MarkObjects: 7.549100 ms  DeleteObjects: 2.890700 ms)

Prepare: number of updated asset objects reloaded= 0
========================================================================
Received Import Request.
  Time since last request: 277.501935 seconds.
  path: Assets/3D/Prefabs/bouncePad.prefab
  artifactKey: Guid(567fea349b7b42e4ab6b0b3656e23fbe) Importer(815301076,1909f56bfc062723c751e8b465ee728b)
Start importing Assets/3D/Prefabs/bouncePad.prefab using Guid(567fea349b7b42e4ab6b0b3656e23fbe) Importer(815301076,1909f56bfc062723c751e8b465ee728b) (PreviewImporter) -> (artifact id: 'f953aeb3f911798486a944dc422767e6') in 0.8267463 seconds
Number of updated asset objects reloaded before import = 0Number of asset objects unloaded after import = 7

========================================================================
Received Import Request.
  Time since last request: 0.000116 seconds.
  path: Assets/3D/Prefabs/ice.prefab
  artifactKey: Guid(d1599510dc1dfc14397db4e3ff3df74d) Importer(815301076,1909f56bfc062723c751e8b465ee728b)
Start importing Assets/3D/Prefabs/ice.prefab using Guid(d1599510dc1dfc14397db4e3ff3df74d) Importer(815301076,1909f56bfc062723c751e8b465ee728b) (PreviewImporter) -> (artifact id: '10d1d498c14d2df57f408931309f2373') in 0.0183885 seconds
Number of updated asset objects reloaded before import = 0Number of asset objects unloaded after import = 8

========================================================================
Received Import Request.
  Time since last request: 0.000058 seconds.
  path: Assets/3D/Prefabs/Obstacle.prefab
  artifactKey: Guid(20a51879296e8a44d82f45c0aa135f6e) Importer(815301076,1909f56bfc062723c751e8b465ee728b)
Start importing Assets/3D/Prefabs/Obstacle.prefab using Guid(20a51879296e8a44d82f45c0aa135f6e) Importer(815301076,1909f56bfc062723c751e8b465ee728b) (PreviewImporter) -> (artifact id: 'a1a22a5d2f4485ab3798a49792a8f25b') in 0.017753 seconds
Number of updated asset objects reloaded before import = 0Number of asset objects unloaded after import = 10

========================================================================
Received Import Request.
  Time since last request: 0.000036 seconds.
  path: Assets/3D/Prefabs/MunitionsCollectibles.prefab
  artifactKey: Guid(8ccbc69e5ed206a4ba6038d60c84b725) Importer(815301076,1909f56bfc062723c751e8b465ee728b)
Start importing Assets/3D/Prefabs/MunitionsCollectibles.prefab using Guid(8ccbc69e5ed206a4ba6038d60c84b725) Importer(815301076,1909f56bfc062723c751e8b465ee728b) (PreviewImporter) -> (artifact id: '6f55c6c51b7317f0227d43837d548c61') in 0.0028815 seconds
Number of updated asset objects reloaded before import = 0Number of asset objects unloaded after import = 13

========================================================================
Received Import Request.
  Time since last request: 0.000043 seconds.
  path: Assets/3D/Prefabs/RealHeart Variant.prefab
  artifactKey: Guid(c28ce8c683815bb4494e278be7a9a8ce) Importer(815301076,1909f56bfc062723c751e8b465ee728b)
Start importing Assets/3D/Prefabs/RealHeart Variant.prefab using Guid(c28ce8c683815bb4494e278be7a9a8ce) Importer(815301076,1909f56bfc062723c751e8b465ee728b) (PreviewImporter) -> (artifact id: '2068271255e46bc09d0fb7513c2c0f81') in 8.1684031 seconds
Number of updated asset objects reloaded before import = 0Number of asset objects unloaded after import = 15

========================================================================
Received Import Request.
  Time since last request: 5.308490 seconds.
  path: Assets/Settings/Mobile_RPAsset.asset
  artifactKey: Guid(5e6cbd92db86f4b18aec3ed561671858) Importer(815301076,1909f56bfc062723c751e8b465ee728b)
Start importing Assets/Settings/Mobile_RPAsset.asset using Guid(5e6cbd92db86f4b18aec3ed561671858) Importer(815301076,1909f56bfc062723c751e8b465ee728b) (PreviewImporter) -> (artifact id: '48422a85c2c122c07104640ff3264d51') in 0.0039904 seconds
Number of updated asset objects reloaded before import = 0Number of asset objects unloaded after import = 2

========================================================================
Received Import Request.
  Time since last request: 0.000027 seconds.
  path: Assets/Settings/PC_RPAsset.asset
  artifactKey: Guid(4b83569d67af61e458304325a23e5dfd) Importer(815301076,1909f56bfc062723c751e8b465ee728b)
Start importing Assets/Settings/PC_RPAsset.asset using Guid(4b83569d67af61e458304325a23e5dfd) Importer(815301076,1909f56bfc062723c751e8b465ee728b) (PreviewImporter) -> (artifact id: '91af3463924372b8f3f2f4939a1f1e03') in 0.0021238 seconds
Number of updated asset objects reloaded before import = 0Number of asset objects unloaded after import = 0

========================================================================
Received Import Request.
  Time since last request: 70.170926 seconds.
  path: Assets/3D/Prefabs/throwables/bullet.prefab
  artifactKey: Guid(c9ff27c0d5138db4290c5a28015b92c3) Importer(815301076,1909f56bfc062723c751e8b465ee728b)
Start importing Assets/3D/Prefabs/throwables/bullet.prefab using Guid(c9ff27c0d5138db4290c5a28015b92c3) Importer(815301076,1909f56bfc062723c751e8b465ee728b) (PreviewImporter) -> (artifact id: '369dd432eecadf478a550e2d4a33204e') in 0.0438046 seconds
Number of updated asset objects reloaded before import = 0Number of asset objects unloaded after import = 9

========================================================================
Received Import Request.
  Time since last request: 0.000111 seconds.
  path: Assets/3D/Prefabs/throwables/explosion.prefab
  artifactKey: Guid(b8eeeac37f9539d4481409dc367cabb2) Importer(815301076,1909f56bfc062723c751e8b465ee728b)
Start importing Assets/3D/Prefabs/throwables/explosion.prefab using Guid(b8eeeac37f9539d4481409dc367cabb2) Importer(815301076,1909f56bfc062723c751e8b465ee728b) (PreviewImporter) -> (artifact id: 'c55ce93ec856d8a3afde4a7d6b5127f4') in 0.013114 seconds
Number of updated asset objects reloaded before import = 0Number of asset objects unloaded after import = 9

========================================================================
Received Prepare
Begin MonoManager ReloadAssembly
- Loaded All Assemblies, in  0.708 seconds
Refreshing native plugins compatible for Editor in 0.82 ms, found 3 plugins.
Native extension for WindowsStandalone target not found
Mono: successfully reloaded assembly
- Finished resetting the current domain, in  0.654 seconds
Domain Reload Profiling: 1360ms
	BeginReloadAssembly (216ms)
		ExecutionOrderSort (0ms)
		DisableScriptedObjects (17ms)
		BackupInstance (0ms)
		ReleaseScriptingObjects (0ms)
		CreateAndSetChildDomain (57ms)
	RebuildCommonClasses (34ms)
	RebuildNativeTypeToScriptingClass (11ms)
	initialDomainReloadingComplete (27ms)
	LoadAllAssembliesAndSetupDomain (418ms)
		LoadAssemblies (368ms)
		RebuildTransferFunctionScriptingTraits (0ms)
		AnalyzeDomain (153ms)
			TypeCache.Refresh (10ms)
				TypeCache.ScanAssembly (1ms)
			BuildScriptInfoCaches (129ms)
			ResolveRequiredComponents (8ms)
	FinalizeReload (654ms)
		ReleaseScriptCaches (0ms)
		RebuildScriptCaches (0ms)
		SetupLoadedEditorAssemblies (480ms)
			LogAssemblyErrors (0ms)
			InitializePlatformSupportModulesInManaged (3ms)
			SetLoadedEditorAssemblies (5ms)
			BeforeProcessingInitializeOnLoad (96ms)
			ProcessInitializeOnLoadAttributes (311ms)
			ProcessInitializeOnLoadMethodAttributes (60ms)
			AfterProcessingInitializeOnLoad (5ms)
			EditorAssembliesLoaded (0ms)
		ExecutionOrderSort2 (0ms)
		AwakeInstancesAfterBackupRestoration (17ms)
Refreshing native plugins compatible for Editor in 1.08 ms, found 3 plugins.
Preloading 0 native plugins for Editor in 0.00 ms.
Unloading 27 Unused Serialized files (Serialized files now loaded: 0)
Unloading 5990 unused Assets / (5.0 MB). Loaded Objects now: 6722.
Memory consumption went from 161.4 MB to 156.4 MB.
Total: 8.697200 ms (FindLiveObjects: 0.560700 ms CreateObjectMapping: 0.665400 ms MarkObjects: 4.148500 ms  DeleteObjects: 3.321100 ms)

Prepare: number of updated asset objects reloaded= 0
========================================================================
Received Prepare
Refreshing native plugins compatible for Editor in 1.69 ms, found 3 plugins.
Preloading 0 native plugins for Editor in 0.00 ms.
Unloading 27 Unused Serialized files (Serialized files now loaded: 0)
Unloading 6009 unused Assets / (5.4 MB). Loaded Objects now: 6749.
Memory consumption went from 161.5 MB to 156.1 MB.
Total: 11.351500 ms (FindLiveObjects: 0.839800 ms CreateObjectMapping: 1.215000 ms MarkObjects: 5.659000 ms  DeleteObjects: 3.636000 ms)

Prepare: number of updated asset objects reloaded= 0
========================================================================
Received Prepare
Refreshing native plugins compatible for Editor in 1.11 ms, found 3 plugins.
Preloading 0 native plugins for Editor in 0.00 ms.
Unloading 27 Unused Serialized files (Serialized files now loaded: 0)
Unloading 6006 unused Assets / (5.2 MB). Loaded Objects now: 6746.
Memory consumption went from 161.5 MB to 156.3 MB.
Total: 9.156900 ms (FindLiveObjects: 0.873900 ms CreateObjectMapping: 0.696700 ms MarkObjects: 4.625900 ms  DeleteObjects: 2.958700 ms)

Prepare: number of updated asset objects reloaded= 0
========================================================================
Received Prepare
Refreshing native plugins compatible for Editor in 0.96 ms, found 3 plugins.
Preloading 0 native plugins for Editor in 0.00 ms.
Unloading 27 Unused Serialized files (Serialized files now loaded: 0)
Unloading 6006 unused Assets / (5.0 MB). Loaded Objects now: 6746.
Memory consumption went from 161.5 MB to 156.5 MB.
Total: 7.851800 ms (FindLiveObjects: 0.527100 ms CreateObjectMapping: 0.517800 ms MarkObjects: 4.379600 ms  DeleteObjects: 2.426400 ms)

Prepare: number of updated asset objects reloaded= 0
========================================================================
Received Prepare
Refreshing native plugins compatible for Editor in 1.07 ms, found 3 plugins.
Preloading 0 native plugins for Editor in 0.00 ms.
Unloading 27 Unused Serialized files (Serialized files now loaded: 0)
Unloading 6003 unused Assets / (4.9 MB). Loaded Objects now: 6743.
Memory consumption went from 161.5 MB to 156.6 MB.
Total: 7.561900 ms (FindLiveObjects: 0.568900 ms CreateObjectMapping: 0.482300 ms MarkObjects: 3.974200 ms  DeleteObjects: 2.535200 ms)

Prepare: number of updated asset objects reloaded= 0
========================================================================
Received Prepare
Refreshing native plugins compatible for Editor in 1.35 ms, found 3 plugins.
Preloading 0 native plugins for Editor in 0.00 ms.
Unloading 27 Unused Serialized files (Serialized files now loaded: 0)
Unloading 5982 unused Assets / (5.1 MB). Loaded Objects now: 6722.
Memory consumption went from 161.5 MB to 156.4 MB.
Total: 11.196100 ms (FindLiveObjects: 0.699600 ms CreateObjectMapping: 1.239700 ms MarkObjects: 6.042700 ms  DeleteObjects: 3.212200 ms)

Prepare: number of updated asset objects reloaded= 0
========================================================================
Received Prepare
Begin MonoManager ReloadAssembly
- Loaded All Assemblies, in  0.704 seconds
Refreshing native plugins compatible for Editor in 1.06 ms, found 3 plugins.
Assertion failed on expression: 'pred(*previous, *i)'
Native extension for WindowsStandalone target not found
Mono: successfully reloaded assembly
- Finished resetting the current domain, in  0.652 seconds
Domain Reload Profiling: 1356ms
	BeginReloadAssembly (197ms)
		ExecutionOrderSort (0ms)
		DisableScriptedObjects (5ms)
		BackupInstance (0ms)
		ReleaseScriptingObjects (0ms)
		CreateAndSetChildDomain (50ms)
	RebuildCommonClasses (31ms)
	RebuildNativeTypeToScriptingClass (10ms)
	initialDomainReloadingComplete (30ms)
	LoadAllAssembliesAndSetupDomain (435ms)
		LoadAssemblies (368ms)
		RebuildTransferFunctionScriptingTraits (0ms)
		AnalyzeDomain (166ms)
			TypeCache.Refresh (8ms)
				TypeCache.ScanAssembly (0ms)
			BuildScriptInfoCaches (143ms)
			ResolveRequiredComponents (11ms)
	FinalizeReload (652ms)
		ReleaseScriptCaches (0ms)
		RebuildScriptCaches (0ms)
		SetupLoadedEditorAssemblies (438ms)
			LogAssemblyErrors (0ms)
			InitializePlatformSupportModulesInManaged (3ms)
			SetLoadedEditorAssemblies (7ms)
			BeforeProcessingInitializeOnLoad (99ms)
			ProcessInitializeOnLoadAttributes (282ms)
			ProcessInitializeOnLoadMethodAttributes (43ms)
			AfterProcessingInitializeOnLoad (5ms)
			EditorAssembliesLoaded (0ms)
		ExecutionOrderSort2 (0ms)
		AwakeInstancesAfterBackupRestoration (12ms)
Refreshing native plugins compatible for Editor in 1.06 ms, found 3 plugins.
Preloading 0 native plugins for Editor in 0.00 ms.
Unloading 27 Unused Serialized files (Serialized files now loaded: 0)
Unloading 5989 unused Assets / (5.1 MB). Loaded Objects now: 6724.
Memory consumption went from 161.3 MB to 156.2 MB.
Total: 8.381300 ms (FindLiveObjects: 0.521000 ms CreateObjectMapping: 0.651500 ms MarkObjects: 4.211000 ms  DeleteObjects: 2.996000 ms)

Prepare: number of updated asset objects reloaded= 0
========================================================================
Received Prepare
Refreshing native plugins compatible for Editor in 1.17 ms, found 3 plugins.
Preloading 0 native plugins for Editor in 0.00 ms.
Unloading 27 Unused Serialized files (Serialized files now loaded: 0)
Unloading 5998 unused Assets / (5.1 MB). Loaded Objects now: 6740.
Memory consumption went from 161.5 MB to 156.4 MB.
Total: 10.399100 ms (FindLiveObjects: 0.731600 ms CreateObjectMapping: 1.381600 ms MarkObjects: 4.457600 ms  DeleteObjects: 3.826600 ms)

Prepare: number of updated asset objects reloaded= 0
========================================================================
Received Prepare
Refreshing native plugins compatible for Editor in 1.20 ms, found 3 plugins.
Preloading 0 native plugins for Editor in 0.00 ms.
Unloading 27 Unused Serialized files (Serialized files now loaded: 0)
Unloading 5998 unused Assets / (5.0 MB). Loaded Objects now: 6740.
Memory consumption went from 161.5 MB to 156.5 MB.
Total: 9.731800 ms (FindLiveObjects: 0.726100 ms CreateObjectMapping: 0.530900 ms MarkObjects: 5.484000 ms  DeleteObjects: 2.988500 ms)

Prepare: number of updated asset objects reloaded= 0
========================================================================
Received Prepare
Refreshing native plugins compatible for Editor in 1.14 ms, found 3 plugins.
Preloading 0 native plugins for Editor in 0.00 ms.
Unloading 27 Unused Serialized files (Serialized files now loaded: 0)
Unloading 5998 unused Assets / (5.1 MB). Loaded Objects now: 6740.
Memory consumption went from 161.5 MB to 156.4 MB.
Total: 8.968500 ms (FindLiveObjects: 0.615100 ms CreateObjectMapping: 0.518200 ms MarkObjects: 4.626000 ms  DeleteObjects: 3.207400 ms)

Prepare: number of updated asset objects reloaded= 0
========================================================================
Received Prepare
Refreshing native plugins compatible for Editor in 1.01 ms, found 3 plugins.
Preloading 0 native plugins for Editor in 0.00 ms.
Unloading 27 Unused Serialized files (Serialized files now loaded: 0)
Unloading 5998 unused Assets / (4.8 MB). Loaded Objects now: 6740.
Memory consumption went from 161.5 MB to 156.7 MB.
Total: 7.440900 ms (FindLiveObjects: 0.507900 ms CreateObjectMapping: 0.532400 ms MarkObjects: 3.735300 ms  DeleteObjects: 2.664300 ms)

Prepare: number of updated asset objects reloaded= 0
========================================================================
Received Prepare
Refreshing native plugins compatible for Editor in 1.27 ms, found 3 plugins.
Preloading 0 native plugins for Editor in 0.00 ms.
Unloading 27 Unused Serialized files (Serialized files now loaded: 0)
Unloading 5998 unused Assets / (5.0 MB). Loaded Objects now: 6740.
Memory consumption went from 161.5 MB to 156.5 MB.
Total: 8.758200 ms (FindLiveObjects: 0.588900 ms CreateObjectMapping: 0.577400 ms MarkObjects: 4.734900 ms  DeleteObjects: 2.855200 ms)

Prepare: number of updated asset objects reloaded= 0
========================================================================
Received Prepare
Refreshing native plugins compatible for Editor in 0.95 ms, found 3 plugins.
Preloading 0 native plugins for Editor in 0.00 ms.
Unloading 27 Unused Serialized files (Serialized files now loaded: 0)
Unloading 5998 unused Assets / (4.9 MB). Loaded Objects now: 6740.
Memory consumption went from 161.5 MB to 156.6 MB.
Total: 7.574700 ms (FindLiveObjects: 0.592100 ms CreateObjectMapping: 0.458200 ms MarkObjects: 4.215100 ms  DeleteObjects: 2.307900 ms)

Prepare: number of updated asset objects reloaded= 0
========================================================================
Received Prepare
Refreshing native plugins compatible for Editor in 14.80 ms, found 3 plugins.
Preloading 0 native plugins for Editor in 0.00 ms.
Unloading 27 Unused Serialized files (Serialized files now loaded: 0)
Unloading 5998 unused Assets / (5.1 MB). Loaded Objects now: 6740.
Memory consumption went from 161.5 MB to 156.5 MB.
Total: 9.643100 ms (FindLiveObjects: 0.560300 ms CreateObjectMapping: 0.499200 ms MarkObjects: 4.100900 ms  DeleteObjects: 4.481400 ms)

Prepare: number of updated asset objects reloaded= 0
========================================================================
Received Prepare
Refreshing native plugins compatible for Editor in 3.33 ms, found 3 plugins.
Preloading 0 native plugins for Editor in 0.00 ms.
Unloading 27 Unused Serialized files (Serialized files now loaded: 0)
Unloading 5998 unused Assets / (5.1 MB). Loaded Objects now: 6740.
Memory consumption went from 161.5 MB to 156.5 MB.
Total: 12.527600 ms (FindLiveObjects: 1.135000 ms CreateObjectMapping: 1.090500 ms MarkObjects: 6.631100 ms  DeleteObjects: 3.668800 ms)

Prepare: number of updated asset objects reloaded= 0
========================================================================
Received Prepare
Refreshing native plugins compatible for Editor in 1.01 ms, found 3 plugins.
Preloading 0 native plugins for Editor in 0.00 ms.
Unloading 27 Unused Serialized files (Serialized files now loaded: 0)
Unloading 5998 unused Assets / (4.9 MB). Loaded Objects now: 6740.
Memory consumption went from 161.5 MB to 156.6 MB.
Total: 9.238700 ms (FindLiveObjects: 0.648000 ms CreateObjectMapping: 0.546300 ms MarkObjects: 5.135800 ms  DeleteObjects: 2.906600 ms)

Prepare: number of updated asset objects reloaded= 0
========================================================================
Received Prepare
Refreshing native plugins compatible for Editor in 2.79 ms, found 3 plugins.
Preloading 0 native plugins for Editor in 0.00 ms.
Unloading 27 Unused Serialized files (Serialized files now loaded: 0)
Unloading 5998 unused Assets / (5.3 MB). Loaded Objects now: 6740.
Memory consumption went from 161.5 MB to 156.2 MB.
Total: 12.446600 ms (FindLiveObjects: 1.114200 ms CreateObjectMapping: 1.081500 ms MarkObjects: 5.743800 ms  DeleteObjects: 4.505500 ms)

Prepare: number of updated asset objects reloaded= 0
========================================================================
Received Import Request.
  Time since last request: 1108.080508 seconds.
  path: Assets/Readme.asset
  artifactKey: Guid(8105016687592461f977c054a80ce2f2) Importer(2089858483,192608db42251d675da83286b1cce702)
Start importing Assets/Readme.asset using Guid(8105016687592461f977c054a80ce2f2) Importer(2089858483,192608db42251d675da83286b1cce702) (ScriptedImporter) -> (artifact id: 'e33e717ee054b2e1d83e9aef9772a19e') in 1.4688468 seconds
Number of updated asset objects reloaded before import = 0Number of asset objects unloaded after import = 2

========================================================================
Received Import Request.
  Time since last request: 0.000100 seconds.
  path: Assets/Scenes/Materials/Walls.mat
  artifactKey: Guid(dbfabb0b3887cd4439f2582d7a20a233) Importer(2089858483,192608db42251d675da83286b1cce702)
Start importing Assets/Scenes/Materials/Walls.mat using Guid(dbfabb0b3887cd4439f2582d7a20a233) Importer(2089858483,192608db42251d675da83286b1cce702) (ScriptedImporter) -> (artifact id: '5dedcdd2aecb844f591cb8e748241285') in 0.0384315 seconds
Number of updated asset objects reloaded before import = 0Number of asset objects unloaded after import = 1

========================================================================
Received Import Request.
  Time since last request: 0.000033 seconds.
  path: Assets/TextMesh Pro/Resources/LineBreaking Following Characters.txt
  artifactKey: Guid(fade42e8bc714b018fac513c043d323b) Importer(2089858483,192608db42251d675da83286b1cce702)
Start importing Assets/TextMesh Pro/Resources/LineBreaking Following Characters.txt using Guid(fade42e8bc714b018fac513c043d323b) Importer(2089858483,192608db42251d675da83286b1cce702) (ScriptedImporter) -> (artifact id: 'c8c4ea12c17cf6a507a771b78daa573b') in 0.0087997 seconds
Number of updated asset objects reloaded before import = 0Number of asset objects unloaded after import = 1

========================================================================
Received Import Request.
  Time since last request: 0.000016 seconds.
  path: Assets/Settings/PC_RPAsset.asset
  artifactKey: Guid(4b83569d67af61e458304325a23e5dfd) Importer(2089858483,192608db42251d675da83286b1cce702)
Start importing Assets/Settings/PC_RPAsset.asset using Guid(4b83569d67af61e458304325a23e5dfd) Importer(2089858483,192608db42251d675da83286b1cce702) (ScriptedImporter) -> (artifact id: '71d84e81b9425f8fa9b6feb3c47c8f2c') in 0.0584208 seconds
Number of updated asset objects reloaded before import = 0Number of asset objects unloaded after import = 1

========================================================================
Received Import Request.
  Time since last request: 0.000031 seconds.
  path: Assets/TutorialInfo/Icons/URP.png
  artifactKey: Guid(727a75301c3d24613a3ebcec4a24c2c8) Importer(2089858483,192608db42251d675da83286b1cce702)
Start importing Assets/TutorialInfo/Icons/URP.png using Guid(727a75301c3d24613a3ebcec4a24c2c8) Importer(2089858483,192608db42251d675da83286b1cce702) (ScriptedImporter) -> (artifact id: 'f2ee73db1eeb7c4429f7cece0202af6f') in 0.0420416 seconds
Number of updated asset objects reloaded before import = 0Number of asset objects unloaded after import = 1

========================================================================
Received Import Request.
  Time since last request: 0.000019 seconds.
  path: Assets/TextMesh Pro/Examples & Extras/Fonts/Roboto-Bold.ttf
  artifactKey: Guid(4beb055f07aaff244873dec698d0363e) Importer(2089858483,192608db42251d675da83286b1cce702)
Start importing Assets/TextMesh Pro/Examples & Extras/Fonts/Roboto-Bold.ttf using Guid(4beb055f07aaff244873dec698d0363e) Importer(2089858483,192608db42251d675da83286b1cce702) (ScriptedImporter) -> (artifact id: 'e785e35405f2dd510c42b49643559932') in 0.0244997 seconds
Number of updated asset objects reloaded before import = 0Number of asset objects unloaded after import = 3

========================================================================
Received Import Request.
  Time since last request: 0.000033 seconds.
  path: Assets/TextMesh Pro/Examples & Extras/Prefabs/Text Popup.prefab
  artifactKey: Guid(b06f0e6c1dfa4356ac918da1bb32c603) Importer(2089858483,192608db42251d675da83286b1cce702)
Start importing Assets/TextMesh Pro/Examples & Extras/Prefabs/Text Popup.prefab using Guid(b06f0e6c1dfa4356ac918da1bb32c603) Importer(2089858483,192608db42251d675da83286b1cce702) (ScriptedImporter) -> (artifact id: 'df492e72cebc87e73903de01426c148b') in 0.0904537 seconds
Number of updated asset objects reloaded before import = 0Number of asset objects unloaded after import = 22

========================================================================
Received Import Request.
  Time since last request: 0.000025 seconds.
  path: Assets/TextMesh Pro/Shaders/TMP_SDF-URP Lit.shadergraph
  artifactKey: Guid(a3d800b099a06e0478fb790c5e79057a) Importer(2089858483,192608db42251d675da83286b1cce702)
Start importing Assets/TextMesh Pro/Shaders/TMP_SDF-URP Lit.shadergraph using Guid(a3d800b099a06e0478fb790c5e79057a) Importer(2089858483,192608db42251d675da83286b1cce702) (ScriptedImporter) -> (artifact id: '4757049b2be61f0fdb73e991717456a9') in 0.3316677 seconds
Number of updated asset objects reloaded before import = 0Number of asset objects unloaded after import = 4

========================================================================
Received Import Request.
  Time since last request: 0.000025 seconds.
  path: Assets/TextMesh Pro/Shaders/TMPro_Properties.cginc
  artifactKey: Guid(3997e2241185407d80309a82f9148466) Importer(2089858483,192608db42251d675da83286b1cce702)
Start importing Assets/TextMesh Pro/Shaders/TMPro_Properties.cginc using Guid(3997e2241185407d80309a82f9148466) Importer(2089858483,192608db42251d675da83286b1cce702) (ScriptedImporter) -> (artifact id: '7087f4dc6fe753b166822d97a694e803') in 0.0100522 seconds
Number of updated asset objects reloaded before import = 0Number of asset objects unloaded after import = 1

========================================================================
Received Import Request.
  Time since last request: 0.000065 seconds.
  path: Assets/Settings/PC_Renderer.asset
  artifactKey: Guid(f288ae1f4751b564a96ac7587541f7a2) Importer(2089858483,192608db42251d675da83286b1cce702)
Start importing Assets/Settings/PC_Renderer.asset using Guid(f288ae1f4751b564a96ac7587541f7a2) Importer(2089858483,192608db42251d675da83286b1cce702) (ScriptedImporter) -> (artifact id: 'af119e75de0f35a48f10e9bb182a26fd') in 0.0349313 seconds
Number of updated asset objects reloaded before import = 0Number of asset objects unloaded after import = 1

========================================================================
Received Import Request.
  Time since last request: 0.000022 seconds.
  path: Assets/3D/scripts/DeadZOne.cs
  artifactKey: Guid(833ff0966a799d0428d8dff1e1e416ec) Importer(2089858483,192608db42251d675da83286b1cce702)
Start importing Assets/3D/scripts/DeadZOne.cs using Guid(833ff0966a799d0428d8dff1e1e416ec) Importer(2089858483,192608db42251d675da83286b1cce702) (ScriptedImporter) -> (artifact id: '913c4d6629a7f1b6174fbdf9b8a3b746') in 0.0104407 seconds
Number of updated asset objects reloaded before import = 0Number of asset objects unloaded after import = 0

========================================================================
Received Import Request.
  Time since last request: 0.000039 seconds.
  path: Assets/TextMesh Pro/Examples & Extras/Scenes/01-  Single Line TextMesh Pro.unity
  artifactKey: Guid(2ac8cf212df6445e8aebbe3cb832e993) Importer(2089858483,192608db42251d675da83286b1cce702)
Start importing Assets/TextMesh Pro/Examples & Extras/Scenes/01-  Single Line TextMesh Pro.unity using Guid(2ac8cf212df6445e8aebbe3cb832e993) Importer(2089858483,192608db42251d675da83286b1cce702) (ScriptedImporter) -> (artifact id: '76722ee9d4f74b2a99e655a168b5c900') in 0.0097533 seconds
Number of updated asset objects reloaded before import = 0Number of asset objects unloaded after import = 1

========================================================================
Received Import Request.
  Time since last request: 0.000024 seconds.
  path: Assets/TextMesh Pro/Shaders/TMP_SDF-Surface-Mobile.shader
  artifactKey: Guid(85187c2149c549c5b33f0cdb02836b17) Importer(2089858483,192608db42251d675da83286b1cce702)
Start importing Assets/TextMesh Pro/Shaders/TMP_SDF-Surface-Mobile.shader using Guid(85187c2149c549c5b33f0cdb02836b17) Importer(2089858483,192608db42251d675da83286b1cce702) (ScriptedImporter) -> (artifact id: 'a96576508534226eb3456d8420c6f64d') in 0.008923 seconds
Number of updated asset objects reloaded before import = 0Number of asset objects unloaded after import = 1

========================================================================
Received Import Request.
  Time since last request: 0.000038 seconds.
  path: Assets/TextMesh Pro/Examples & Extras/Fonts/Oswald-Bold - OFL.txt
  artifactKey: Guid(d2cf87a8a7a94aa8b80dff1c807c1178) Importer(2089858483,192608db42251d675da83286b1cce702)
Start importing Assets/TextMesh Pro/Examples & Extras/Fonts/Oswald-Bold - OFL.txt using Guid(d2cf87a8a7a94aa8b80dff1c807c1178) Importer(2089858483,192608db42251d675da83286b1cce702) (ScriptedImporter) -> (artifact id: '32652a5bcf39586f4a51a39207d00046') in 0.0110724 seconds
Number of updated asset objects reloaded before import = 0Number of asset objects unloaded after import = 1

========================================================================
Received Import Request.
  Time since last request: 0.000020 seconds.
  path: Assets/TextMesh Pro/Shaders/TMPro_Mobile.cginc
  artifactKey: Guid(c334973cef89a9840b0b0c507e0377ab) Importer(2089858483,192608db42251d675da83286b1cce702)
Start importing Assets/TextMesh Pro/Shaders/TMPro_Mobile.cginc using Guid(c334973cef89a9840b0b0c507e0377ab) Importer(2089858483,192608db42251d675da83286b1cce702) (ScriptedImporter) -> (artifact id: '50d913fa97d50ff56ac7e90c586cb614') in 0.0078105 seconds
Number of updated asset objects reloaded before import = 0Number of asset objects unloaded after import = 1

========================================================================
Received Import Request.
  Time since last request: 0.000034 seconds.
  path: Assets/TextMesh Pro/Sprites/EmojiOne.json
  artifactKey: Guid(8f05276190cf498a8153f6cbe761d4e6) Importer(2089858483,192608db42251d675da83286b1cce702)
Start importing Assets/TextMesh Pro/Sprites/EmojiOne.json using Guid(8f05276190cf498a8153f6cbe761d4e6) Importer(2089858483,192608db42251d675da83286b1cce702) (ScriptedImporter) -> (artifact id: 'd9fbc362d954afa05bdf0db60d5a2ccf') in 0.0081935 seconds
Number of updated asset objects reloaded before import = 0Number of asset objects unloaded after import = 1

========================================================================
Received Import Request.
  Time since last request: 0.000019 seconds.
  path: Assets/3D/prefabs/Obstacle.prefab
  artifactKey: Guid(20a51879296e8a44d82f45c0aa135f6e) Importer(2089858483,192608db42251d675da83286b1cce702)
Start importing Assets/3D/prefabs/Obstacle.prefab using Guid(20a51879296e8a44d82f45c0aa135f6e) Importer(2089858483,192608db42251d675da83286b1cce702) (ScriptedImporter) -> (artifact id: '914f03b9e04b2a3376f5c8bdc429cba1') in 0.0102786 seconds
Number of updated asset objects reloaded before import = 0Number of asset objects unloaded after import = 10

========================================================================
Received Import Request.
  Time since last request: 0.000032 seconds.
  path: Assets/3D/3D_test.unity
  artifactKey: Guid(9fde10bd1020c6748ba397c9e36a4c96) Importer(2089858483,192608db42251d675da83286b1cce702)
Start importing Assets/3D/3D_test.unity using Guid(9fde10bd1020c6748ba397c9e36a4c96) Importer(2089858483,192608db42251d675da83286b1cce702) (ScriptedImporter) -> (artifact id: '24cd296c8c6d90873a6dca6442362c90') in 0.0091833 seconds
Number of updated asset objects reloaded before import = 0Number of asset objects unloaded after import = 1

========================================================================
Received Import Request.
  Time since last request: 0.000033 seconds.
  path: Assets/TextMesh Pro/Examples & Extras/Fonts/Oswald-Bold.ttf
  artifactKey: Guid(c9f6d0e7bc8541498c9a4799ba184ede) Importer(2089858483,192608db42251d675da83286b1cce702)
Start importing Assets/TextMesh Pro/Examples & Extras/Fonts/Oswald-Bold.ttf using Guid(c9f6d0e7bc8541498c9a4799ba184ede) Importer(2089858483,192608db42251d675da83286b1cce702) (ScriptedImporter) -> (artifact id: 'dc18e2d7cd226e236db53a37fd367766') in 0.0134507 seconds
Number of updated asset objects reloaded before import = 0Number of asset objects unloaded after import = 3

========================================================================
Received Import Request.
  Time since last request: 0.000019 seconds.
  path: Assets/3D/scripts/bouncyBullet.cs
  artifactKey: Guid(c72d6e9f492376e44ada52b4a9bcc1d0) Importer(2089858483,192608db42251d675da83286b1cce702)
Start importing Assets/3D/scripts/bouncyBullet.cs using Guid(c72d6e9f492376e44ada52b4a9bcc1d0) Importer(2089858483,192608db42251d675da83286b1cce702) (ScriptedImporter) -> (artifact id: '1a05f1991eae80ee601fca287c41d05e') in 0.0088736 seconds
Number of updated asset objects reloaded before import = 0Number of asset objects unloaded after import = 0

========================================================================
Received Import Request.
  Time since last request: 0.000026 seconds.
  path: Assets/TextMesh Pro/Examples & Extras/Prefabs/TextMeshPro - Prefab 1.prefab
  artifactKey: Guid(a6e39ced0ea046bcb636c3f0b2e2a745) Importer(2089858483,192608db42251d675da83286b1cce702)
Start importing Assets/TextMesh Pro/Examples & Extras/Prefabs/TextMeshPro - Prefab 1.prefab using Guid(a6e39ced0ea046bcb636c3f0b2e2a745) Importer(2089858483,192608db42251d675da83286b1cce702) (ScriptedImporter)The method get_fontSharedMaterials was not found on TextMeshPro - Prefab 1. This property will not be indexed.
UnityEngine.Debug:ExtractStackTraceNoAlloc (byte*,int,string)
UnityEngine.StackTraceUtility:ExtractStackTrace ()
UnityEngine.DebugLogHandler:Internal_Log (UnityEngine.LogType,UnityEngine.LogOption,string,UnityEngine.Object)
UnityEngine.DebugLogHandler:LogFormat (UnityEngine.LogType,UnityEngine.Object,string,object[])
UnityEngine.Logger:Log (UnityEngine.LogType,object)
UnityEngine.Debug:LogWarning (object)
UnityEditor.Rendering.Universal.MaterialReferenceBuilder:GetMaterialFromMethod (System.Reflection.MethodInfo,UnityEngine.Object,System.Func`3<string, string, string>) (at ./Library/PackageCache/com.unity.render-pipelines.universal@0b68ece7aa54/Editor/Converter/MaterialReferenceBuilder.cs:133)
UnityEditor.Rendering.Universal.ConversionIndexers:ConversionIndexer (UnityEditor.Search.CustomObjectIndexerTarget,UnityEditor.Search.ObjectIndexer) (at ./Library/PackageCache/com.unity.render-pipelines.universal@0b68ece7aa54/Editor/Converter/ConversionIndexers.cs:21)
UnityEditor.Search.ObjectIndexer:CallCustomIndexers (string,int,UnityEngine.Object,UnityEditor.SerializedObject,bool)
UnityEditor.Search.ObjectIndexer:IndexCustomProperties (string,int,UnityEngine.Object)
UnityEditor.Search.AssetIndexer:IndexCustomGameObjectProperties (string,int,UnityEngine.GameObject)
UnityEditor.Search.AssetIndexer:IndexProperties (int&,string&,bool&)
UnityEditor.Search.AssetIndexer:IndexDocument (string,bool)
UnityEditor.Search.SearchIndexEntryImporter:OnImportAsset (UnityEditor.AssetImporters.AssetImportContext)
UnityEditor.AssetImporters.ScriptedImporter:GenerateAssetData (UnityEditor.AssetImporters.AssetImportContext)

(Filename: ./Library/PackageCache/com.unity.render-pipelines.universal@0b68ece7aa54/Editor/Converter/MaterialReferenceBuilder.cs Line: 133)

 -> (artifact id: '6e35dc04e687a1444926bbc899991c06') in 0.0872468 seconds
Number of updated asset objects reloaded before import = 0Number of asset objects unloaded after import = 17

========================================================================
Received Import Request.
  Time since last request: 0.000021 seconds.
  path: Assets/TextMesh Pro/Examples & Extras/Fonts/Roboto-Bold - License.txt
  artifactKey: Guid(f0303f887b8fa7243a51432c478ff2f3) Importer(2089858483,192608db42251d675da83286b1cce702)
Start importing Assets/TextMesh Pro/Examples & Extras/Fonts/Roboto-Bold - License.txt using Guid(f0303f887b8fa7243a51432c478ff2f3) Importer(2089858483,192608db42251d675da83286b1cce702) (ScriptedImporter) -> (artifact id: '402444fff0a1ff51573469e9e1ab2c81') in 0.0076411 seconds
Number of updated asset objects reloaded before import = 0Number of asset objects unloaded after import = 1

========================================================================
Received Import Request.
  Time since last request: 0.000044 seconds.
  path: Assets/TutorialInfo/Layout.wlt
  artifactKey: Guid(eabc9546105bf4accac1fd62a63e88e6) Importer(2089858483,192608db42251d675da83286b1cce702)
Start importing Assets/TutorialInfo/Layout.wlt using Guid(eabc9546105bf4accac1fd62a63e88e6) Importer(2089858483,192608db42251d675da83286b1cce702) (ScriptedImporter) -> (artifact id: 'd3662effdcfa3e8197644b8cb386d516') in 0.0065919 seconds
Number of updated asset objects reloaded before import = 0Number of asset objects unloaded after import = 1

========================================================================
Received Import Request.
  Time since last request: 0.000020 seconds.
  path: Assets/TextMesh Pro/Shaders/SDFFunctions.hlsl
  artifactKey: Guid(96de908384869cd409c75efa351d5edf) Importer(2089858483,192608db42251d675da83286b1cce702)
Start importing Assets/TextMesh Pro/Shaders/SDFFunctions.hlsl using Guid(96de908384869cd409c75efa351d5edf) Importer(2089858483,192608db42251d675da83286b1cce702) (ScriptedImporter) -> (artifact id: 'f068e6d8a36895b03f1f4ebed3fcee84') in 0.0077319 seconds
Number of updated asset objects reloaded before import = 0Number of asset objects unloaded after import = 1

========================================================================
Received Import Request.
  Time since last request: 0.000024 seconds.
  path: Assets/3D/prefabs/ice.prefab
  artifactKey: Guid(d1599510dc1dfc14397db4e3ff3df74d) Importer(2089858483,192608db42251d675da83286b1cce702)
Start importing Assets/3D/prefabs/ice.prefab using Guid(d1599510dc1dfc14397db4e3ff3df74d) Importer(2089858483,192608db42251d675da83286b1cce702) (ScriptedImporter) -> (artifact id: '9090eba49d7899d11e8823e814039d7e') in 0.0132983 seconds
Number of updated asset objects reloaded before import = 0Number of asset objects unloaded after import = 8

========================================================================
Received Import Request.
  Time since last request: 0.000019 seconds.
  path: Assets/3D/prefabs/bouncePad.prefab
  artifactKey: Guid(567fea349b7b42e4ab6b0b3656e23fbe) Importer(2089858483,192608db42251d675da83286b1cce702)
Start importing Assets/3D/prefabs/bouncePad.prefab using Guid(567fea349b7b42e4ab6b0b3656e23fbe) Importer(2089858483,192608db42251d675da83286b1cce702) (ScriptedImporter) -> (artifact id: '3bd1aed92af80b926ec300f580c7a221') in 0.0126815 seconds
Number of updated asset objects reloaded before import = 0Number of asset objects unloaded after import = 7

========================================================================
Received Import Request.
  Time since last request: 0.000043 seconds.
  path: Assets/TextMesh Pro/Shaders/TMP_SDF-URP Unlit.shadergraph
  artifactKey: Guid(124c112a6e8f1a54e8b0870e881b56d8) Importer(2089858483,192608db42251d675da83286b1cce702)
Start importing Assets/TextMesh Pro/Shaders/TMP_SDF-URP Unlit.shadergraph using Guid(124c112a6e8f1a54e8b0870e881b56d8) Importer(2089858483,192608db42251d675da83286b1cce702) (ScriptedImporter) -> (artifact id: '4f8eda853a76684e086f4c6a42181219') in 0.2419311 seconds
Number of updated asset objects reloaded before import = 0Number of asset objects unloaded after import = 4

========================================================================
Received Import Request.
  Time since last request: 0.000031 seconds.
  path: Assets/Scenes/Assets/Input/PlayerInput.inputactions
  artifactKey: Guid(d71ddea82e5665a4c9d0acf5c9feb407) Importer(2089858483,192608db42251d675da83286b1cce702)
Start importing Assets/Scenes/Assets/Input/PlayerInput.inputactions using Guid(d71ddea82e5665a4c9d0acf5c9feb407) Importer(2089858483,192608db42251d675da83286b1cce702) (ScriptedImporter) -> (artifact id: 'd20bb0b883340ce7e28d4204c89fd163') in 0.1716809 seconds
Number of updated asset objects reloaded before import = 0Number of asset objects unloaded after import = 5

========================================================================
Received Import Request.
  Time since last request: 0.000025 seconds.
  path: Assets/TextMesh Pro/Examples & Extras/Scenes/03 - Line Justification.unity
  artifactKey: Guid(21a509e1d3cd49978623fa564adb6f02) Importer(2089858483,192608db42251d675da83286b1cce702)
Start importing Assets/TextMesh Pro/Examples & Extras/Scenes/03 - Line Justification.unity using Guid(21a509e1d3cd49978623fa564adb6f02) Importer(2089858483,192608db42251d675da83286b1cce702) (ScriptedImporter) -> (artifact id: '12010cc22edf84d9a35519e9b7730ae0') in 0.0120377 seconds
Number of updated asset objects reloaded before import = 0Number of asset objects unloaded after import = 1

========================================================================
Received Import Request.
  Time since last request: 0.000026 seconds.
  path: Assets/TextMesh Pro/Shaders/TMP_SDF-Mobile-2-Pass.shader
  artifactKey: Guid(0178fcb869bafef4690d177d31d17db8) Importer(2089858483,192608db42251d675da83286b1cce702)
Start importing Assets/TextMesh Pro/Shaders/TMP_SDF-Mobile-2-Pass.shader using Guid(0178fcb869bafef4690d177d31d17db8) Importer(2089858483,192608db42251d675da83286b1cce702) (ScriptedImporter) -> (artifact id: 'e77b05c9a71c25085cfef809267b0f01') in 0.0103635 seconds
Number of updated asset objects reloaded before import = 0Number of asset objects unloaded after import = 1

========================================================================
Received Import Request.
  Time since last request: 0.000029 seconds.
  path: Assets/Scenes/Prefabs/Player.prefab
  artifactKey: Guid(735d6db1340c97442a222027b78d4244) Importer(2089858483,192608db42251d675da83286b1cce702)
Start importing Assets/Scenes/Prefabs/Player.prefab using Guid(735d6db1340c97442a222027b78d4244) Importer(2089858483,192608db42251d675da83286b1cce702) (ScriptedImporter) -> (artifact id: '98c2272aa46eae94875b7e5a69c1e360') in 0.0232916 seconds
Number of updated asset objects reloaded before import = 0Number of asset objects unloaded after import = 18

========================================================================
Received Import Request.
  Time since last request: 0.000027 seconds.
  path: Assets/TextMesh Pro/Shaders/TMP_SDF-HDRP LIT.shadergraph
  artifactKey: Guid(ca2ed216f98028c4dae6c5224a952b3c) Importer(2089858483,192608db42251d675da83286b1cce702)
Start importing Assets/TextMesh Pro/Shaders/TMP_SDF-HDRP LIT.shadergraph using Guid(ca2ed216f98028c4dae6c5224a952b3c) Importer(2089858483,192608db42251d675da83286b1cce702) (ScriptedImporter) -> (artifact id: '7398385dac0d52ba0303baab0b1952db') in 0.0124783 seconds
Number of updated asset objects reloaded before import = 0Number of asset objects unloaded after import = 3

========================================================================
Received Import Request.
  Time since last request: 0.000018 seconds.
  path: Assets/Settings/SampleSceneProfile.asset
  artifactKey: Guid(10fc4df2da32a41aaa32d77bc913491c) Importer(2089858483,192608db42251d675da83286b1cce702)
Start importing Assets/Settings/SampleSceneProfile.asset using Guid(10fc4df2da32a41aaa32d77bc913491c) Importer(2089858483,192608db42251d675da83286b1cce702) (ScriptedImporter) -> (artifact id: '9222771ece2f966de69bc38ba4784d00') in 0.0110177 seconds
Number of updated asset objects reloaded before import = 0Number of asset objects unloaded after import = 1

========================================================================
Received Import Request.
  Time since last request: 0.000017 seconds.
  path: Assets/3D/prefabs/throwables/bullet.prefab
  artifactKey: Guid(c9ff27c0d5138db4290c5a28015b92c3) Importer(2089858483,192608db42251d675da83286b1cce702)
Start importing Assets/3D/prefabs/throwables/bullet.prefab using Guid(c9ff27c0d5138db4290c5a28015b92c3) Importer(2089858483,192608db42251d675da83286b1cce702) (ScriptedImporter) -> (artifact id: 'b350788b1c64a42b47dde7fb5e75f50b') in 0.0136306 seconds
Number of updated asset objects reloaded before import = 0Number of asset objects unloaded after import = 9

========================================================================
Received Import Request.
  Time since last request: 0.000022 seconds.
  path: Assets/Scenes/Scripts/PlayerMotor.cs
  artifactKey: Guid(c19de911b1b6b0e46ab9d0fc74aba2a9) Importer(2089858483,192608db42251d675da83286b1cce702)
Start importing Assets/Scenes/Scripts/PlayerMotor.cs using Guid(c19de911b1b6b0e46ab9d0fc74aba2a9) Importer(2089858483,192608db42251d675da83286b1cce702) (ScriptedImporter) -> (artifact id: '92ae030b1cd0fb186b61322c43a395a3') in 0.0188411 seconds
Number of updated asset objects reloaded before import = 0Number of asset objects unloaded after import = 0

========================================================================
Received Import Request.
  Time since last request: 0.000034 seconds.
  path: Assets/3D/scripts/bullet.cs
  artifactKey: Guid(e9b7842e32b9f1b49b026fe790ce8618) Importer(2089858483,192608db42251d675da83286b1cce702)
Start importing Assets/3D/scripts/bullet.cs using Guid(e9b7842e32b9f1b49b026fe790ce8618) Importer(2089858483,192608db42251d675da83286b1cce702) (ScriptedImporter) -> (artifact id: 'adbd16ceb35efe5a67620b14dda81cf9') in 0.0060452 seconds
Number of updated asset objects reloaded before import = 0Number of asset objects unloaded after import = 0

========================================================================
Received Import Request.
  Time since last request: 0.000018 seconds.
  path: Assets/TextMesh Pro/Shaders/TMP_SDF-Mobile Masking.shader
  artifactKey: Guid(bc1ede39bf3643ee8e493720e4259791) Importer(2089858483,192608db42251d675da83286b1cce702)
Start importing Assets/TextMesh Pro/Shaders/TMP_SDF-Mobile Masking.shader using Guid(bc1ede39bf3643ee8e493720e4259791) Importer(2089858483,192608db42251d675da83286b1cce702) (ScriptedImporter) -> (artifact id: '1c998b7c2c9eba83a3b8feb0a2a48a83') in 0.0101469 seconds
Number of updated asset objects reloaded before import = 0Number of asset objects unloaded after import = 1

========================================================================
Received Import Request.
  Time since last request: 0.000021 seconds.
  path: Assets/TextMesh Pro/Examples & Extras/Fonts/Unity - OFL.txt
  artifactKey: Guid(0251f66ebc602a944b35bccd13be2738) Importer(2089858483,192608db42251d675da83286b1cce702)
Start importing Assets/TextMesh Pro/Examples & Extras/Fonts/Unity - OFL.txt using Guid(0251f66ebc602a944b35bccd13be2738) Importer(2089858483,192608db42251d675da83286b1cce702) (ScriptedImporter) -> (artifact id: 'ba321fe0d834370fa207986d02f143a2') in 0.0063246 seconds
Number of updated asset objects reloaded before import = 0Number of asset objects unloaded after import = 1

========================================================================
Received Import Request.
  Time since last request: 0.000042 seconds.
  path: Assets/TextMesh Pro/Examples & Extras/Scenes/02 - Multi-line TextMesh Pro.unity
  artifactKey: Guid(251716609f634449bfe8ce75c0ed78fe) Importer(2089858483,192608db42251d675da83286b1cce702)
Start importing Assets/TextMesh Pro/Examples & Extras/Scenes/02 - Multi-line TextMesh Pro.unity using Guid(251716609f634449bfe8ce75c0ed78fe) Importer(2089858483,192608db42251d675da83286b1cce702) (ScriptedImporter) -> (artifact id: 'b79ad04776d4059c6e75588ffde02699') in 0.0091985 seconds
Number of updated asset objects reloaded before import = 0Number of asset objects unloaded after import = 1

========================================================================
Received Import Request.
  Time since last request: 0.000043 seconds.
  path: Assets/TextMesh Pro/Sprites/EmojiOne Attribution.txt
  artifactKey: Guid(381dcb09d5029d14897e55f98031fca5) Importer(2089858483,192608db42251d675da83286b1cce702)
Start importing Assets/TextMesh Pro/Sprites/EmojiOne Attribution.txt using Guid(381dcb09d5029d14897e55f98031fca5) Importer(2089858483,192608db42251d675da83286b1cce702) (ScriptedImporter) -> (artifact id: 'd71571685a45b5b2075ee7f847c5338d') in 0.0121682 seconds
Number of updated asset objects reloaded before import = 0Number of asset objects unloaded after import = 1

========================================================================
Received Import Request.
  Time since last request: 0.000049 seconds.
  path: Assets/3D/scripts/camera.cs
  artifactKey: Guid(d2a74c46881c5634aab0ac87cbd8f09e) Importer(2089858483,192608db42251d675da83286b1cce702)
Start importing Assets/3D/scripts/camera.cs using Guid(d2a74c46881c5634aab0ac87cbd8f09e) Importer(2089858483,192608db42251d675da83286b1cce702) (ScriptedImporter) -> (artifact id: 'cb1b2cc30dcc5ea346da99a4de1b97eb') in 0.0130238 seconds
Number of updated asset objects reloaded before import = 0Number of asset objects unloaded after import = 0

========================================================================
Received Import Request.
  Time since last request: 0.000053 seconds.
  path: Assets/TextMesh Pro/Shaders/TMPro_Surface.cginc
  artifactKey: Guid(d930090c0cd643c7b55f19a38538c162) Importer(2089858483,192608db42251d675da83286b1cce702)
Start importing Assets/TextMesh Pro/Shaders/TMPro_Surface.cginc using Guid(d930090c0cd643c7b55f19a38538c162) Importer(2089858483,192608db42251d675da83286b1cce702) (ScriptedImporter) -> (artifact id: 'b0ce087bde19b0db4e39558111963a5b') in 0.0155952 seconds
Number of updated asset objects reloaded before import = 0Number of asset objects unloaded after import = 1

========================================================================
Received Import Request.
  Time since last request: 0.688359 seconds.
  path: Assets/TextMesh Pro/Examples & Extras/Scenes/06 - Extra Rich Text Examples.unity
  artifactKey: Guid(39a1fa96ad2a449b908fca29d4297a74) Importer(2089858483,192608db42251d675da83286b1cce702)
Start importing Assets/TextMesh Pro/Examples & Extras/Scenes/06 - Extra Rich Text Examples.unity using Guid(39a1fa96ad2a449b908fca29d4297a74) Importer(2089858483,192608db42251d675da83286b1cce702) (ScriptedImporter) -> (artifact id: '2c877c36efff65396f84651016c69989') in 0.0108719 seconds
Number of updated asset objects reloaded before import = 0Number of asset objects unloaded after import = 1

========================================================================
Received Import Request.
  Time since last request: 0.000029 seconds.
  path: Assets/TextMesh Pro/Examples & Extras/Scenes/23 - Animating Vertex Attributes.unity
  artifactKey: Guid(54e994244b4b467e8583cf2da6dcc716) Importer(2089858483,192608db42251d675da83286b1cce702)
Start importing Assets/TextMesh Pro/Examples & Extras/Scenes/23 - Animating Vertex Attributes.unity using Guid(54e994244b4b467e8583cf2da6dcc716) Importer(2089858483,192608db42251d675da83286b1cce702) (ScriptedImporter) -> (artifact id: 'cacc9e040efcfe94876f41bfd1099ed8') in 0.0178821 seconds
Number of updated asset objects reloaded before import = 0Number of asset objects unloaded after import = 1

========================================================================
Received Import Request.
  Time since last request: 0.000049 seconds.
  path: Assets/TextMesh Pro/Examples & Extras/Textures/Wipe Pattern - Radial Quad.psd
  artifactKey: Guid(2b5e9ae96c5644d8bae932f8b4ca68a2) Importer(2089858483,192608db42251d675da83286b1cce702)
Start importing Assets/TextMesh Pro/Examples & Extras/Textures/Wipe Pattern - Radial Quad.psd using Guid(2b5e9ae96c5644d8bae932f8b4ca68a2) Importer(2089858483,192608db42251d675da83286b1cce702) (ScriptedImporter) -> (artifact id: '770c916a2c4dd27f79ff7f873205c272') in 0.0218268 seconds
Number of updated asset objects reloaded before import = 0Number of asset objects unloaded after import = 1

========================================================================
Received Import Request.
  Time since last request: 0.000034 seconds.
  path: Assets/TextMesh Pro/Examples & Extras/Scenes/24 - Surface Shader Example.unity
  artifactKey: Guid(8c4969fd8ba94a68b07cf11f3e7a5137) Importer(2089858483,192608db42251d675da83286b1cce702)
Start importing Assets/TextMesh Pro/Examples & Extras/Scenes/24 - Surface Shader Example.unity using Guid(8c4969fd8ba94a68b07cf11f3e7a5137) Importer(2089858483,192608db42251d675da83286b1cce702) (ScriptedImporter) -> (artifact id: 'c1ceefd24d4ae11f2243231c0e9614c0') in 0.0161478 seconds
Number of updated asset objects reloaded before import = 0Number of asset objects unloaded after import = 1

========================================================================
Received Import Request.
  Time since last request: 0.000032 seconds.
  path: Assets/TextMesh Pro/Examples & Extras/Scenes/11 - The Style Tag.unity
  artifactKey: Guid(84ed36ad77dd4956b2ffe3769f759879) Importer(2089858483,192608db42251d675da83286b1cce702)
Start importing Assets/TextMesh Pro/Examples & Extras/Scenes/11 - The Style Tag.unity using Guid(84ed36ad77dd4956b2ffe3769f759879) Importer(2089858483,192608db42251d675da83286b1cce702) (ScriptedImporter) -> (artifact id: '98fe7ece07c6562e322b9a3690b0e7b7') in 0.0127695 seconds
Number of updated asset objects reloaded before import = 0Number of asset objects unloaded after import = 1

========================================================================
Received Import Request.
  Time since last request: 0.000043 seconds.
  path: Assets/TextMesh Pro/Examples & Extras/Scripts/TMP_FrameRateCounter.cs
  artifactKey: Guid(686ec78b56aa445795335fbadafcfaa4) Importer(2089858483,192608db42251d675da83286b1cce702)
Start importing Assets/TextMesh Pro/Examples & Extras/Scripts/TMP_FrameRateCounter.cs using Guid(686ec78b56aa445795335fbadafcfaa4) Importer(2089858483,192608db42251d675da83286b1cce702) (ScriptedImporter) -> (artifact id: '77332d77f20ed80bc5ff4c4f56d41a63') in 0.0125359 seconds
Number of updated asset objects reloaded before import = 0Number of asset objects unloaded after import = 0

========================================================================
Received Import Request.
  Time since last request: 0.000026 seconds.
  path: Assets/TextMesh Pro/Resources/Fonts & Materials/LiberationSans SDF - Fallback.asset
  artifactKey: Guid(2e498d1c8094910479dc3e1b768306a4) Importer(2089858483,192608db42251d675da83286b1cce702)
Start importing Assets/TextMesh Pro/Resources/Fonts & Materials/LiberationSans SDF - Fallback.asset using Guid(2e498d1c8094910479dc3e1b768306a4) Importer(2089858483,192608db42251d675da83286b1cce702) (ScriptedImporter) -> (artifact id: '776344a4910e7e0ff521c97e5ebf6b7e') in 0.0499739 seconds
Number of updated asset objects reloaded before import = 0Number of asset objects unloaded after import = 6

========================================================================
Received Import Request.
  Time since last request: 0.000047 seconds.
  path: Assets/TextMesh Pro/Examples & Extras/Textures/Gradient Vertical (Color).jpg
  artifactKey: Guid(03d0538de6e24c0f819bfc9ce084dfa9) Importer(2089858483,192608db42251d675da83286b1cce702)
Start importing Assets/TextMesh Pro/Examples & Extras/Textures/Gradient Vertical (Color).jpg using Guid(03d0538de6e24c0f819bfc9ce084dfa9) Importer(2089858483,192608db42251d675da83286b1cce702) (ScriptedImporter) -> (artifact id: '0c68e2af3e2e1dec2d024c1b9a8ae841') in 0.0232002 seconds
Number of updated asset objects reloaded before import = 0Number of asset objects unloaded after import = 1

========================================================================
Received Import Request.
  Time since last request: 0.000045 seconds.
  path: Assets/TextMesh Pro/Examples & Extras/Textures/Wipe Pattern - Radial Double.psd
  artifactKey: Guid(7631f4eff8f74ed38eb3eb9db17134e1) Importer(2089858483,192608db42251d675da83286b1cce702)
Start importing Assets/TextMesh Pro/Examples & Extras/Textures/Wipe Pattern - Radial Double.psd using Guid(7631f4eff8f74ed38eb3eb9db17134e1) Importer(2089858483,192608db42251d675da83286b1cce702) (ScriptedImporter) -> (artifact id: 'c1b033799066a6e4ff995539d9fc2973') in 0.0210516 seconds
Number of updated asset objects reloaded before import = 0Number of asset objects unloaded after import = 1

========================================================================
Received Import Request.
  Time since last request: 0.000073 seconds.
  path: Assets/TextMesh Pro/Examples & Extras/Scenes/21 - Script Example.unity
  artifactKey: Guid(50f52f9274434ecfb34dd87f0836f323) Importer(2089858483,192608db42251d675da83286b1cce702)
Start importing Assets/TextMesh Pro/Examples & Extras/Scenes/21 - Script Example.unity using Guid(50f52f9274434ecfb34dd87f0836f323) Importer(2089858483,192608db42251d675da83286b1cce702) (ScriptedImporter) -> (artifact id: 'ff3110fc44f216f00510a1a5af4ad083') in 0.0119743 seconds
Number of updated asset objects reloaded before import = 0Number of asset objects unloaded after import = 1

========================================================================
Received Import Request.
  Time since last request: 0.000073 seconds.
  path: Assets/TextMesh Pro/Examples & Extras/Resources/Fonts & Materials/LiberationSans SDF - Soft Mask.mat
  artifactKey: Guid(42df1c7856584b6b8db9a509b6b10074) Importer(2089858483,192608db42251d675da83286b1cce702)
Start importing Assets/TextMesh Pro/Examples & Extras/Resources/Fonts & Materials/LiberationSans SDF - Soft Mask.mat using Guid(42df1c7856584b6b8db9a509b6b10074) Importer(2089858483,192608db42251d675da83286b1cce702) (ScriptedImporter) -> (artifact id: 'b888eb1a5956dc629025854a61243361') in 0.0428361 seconds
Number of updated asset objects reloaded before import = 0Number of asset objects unloaded after import = 4

========================================================================
Received Import Request.
  Time since last request: 0.000137 seconds.
  path: Assets/TextMesh Pro/Examples & Extras/Scripts/ChatController.cs
  artifactKey: Guid(53d91f98a2664f5cb9af11de72ac54ec) Importer(2089858483,192608db42251d675da83286b1cce702)
Start importing Assets/TextMesh Pro/Examples & Extras/Scripts/ChatController.cs using Guid(53d91f98a2664f5cb9af11de72ac54ec) Importer(2089858483,192608db42251d675da83286b1cce702) (ScriptedImporter) -> (artifact id: '7578068adfdc973582fdb2710206e207') in 0.0125728 seconds
Number of updated asset objects reloaded before import = 0Number of asset objects unloaded after import = 0

========================================================================
Received Import Request.
  Time since last request: 0.000048 seconds.
  path: Assets/TextMesh Pro/Examples & Extras/Scripts/VertexColorCycler.cs
  artifactKey: Guid(91b8ba3d52e041fab2d0e0f169855539) Importer(2089858483,192608db42251d675da83286b1cce702)
Start importing Assets/TextMesh Pro/Examples & Extras/Scripts/VertexColorCycler.cs using Guid(91b8ba3d52e041fab2d0e0f169855539) Importer(2089858483,192608db42251d675da83286b1cce702) (ScriptedImporter) -> (artifact id: '6ec8afe2955156d6a8910d42ee3afe84') in 0.0114052 seconds
Number of updated asset objects reloaded before import = 0Number of asset objects unloaded after import = 0

========================================================================
Received Import Request.
  Time since last request: 0.000064 seconds.
  path: Assets/TextMesh Pro/Examples & Extras/Sprites/DropCap Numbers.psd
  artifactKey: Guid(fd09957580ac4326916010f1f260975b) Importer(2089858483,192608db42251d675da83286b1cce702)
Start importing Assets/TextMesh Pro/Examples & Extras/Sprites/DropCap Numbers.psd using Guid(fd09957580ac4326916010f1f260975b) Importer(2089858483,192608db42251d675da83286b1cce702) (ScriptedImporter) -> (artifact id: 'ac2e0b3c4044531f5b1f2fc2f76ab421') in 0.0222286 seconds
Number of updated asset objects reloaded before import = 0Number of asset objects unloaded after import = 1

========================================================================
Received Import Request.
  Time since last request: 0.000103 seconds.
  path: Assets/TextMesh Pro/Examples & Extras/Scenes/24 - Surface Shader Example URP.unity
  artifactKey: Guid(57694ed9d1cd1e340a4924c0f2eac8e3) Importer(2089858483,192608db42251d675da83286b1cce702)
Start importing Assets/TextMesh Pro/Examples & Extras/Scenes/24 - Surface Shader Example URP.unity using Guid(57694ed9d1cd1e340a4924c0f2eac8e3) Importer(2089858483,192608db42251d675da83286b1cce702) (ScriptedImporter) -> (artifact id: '6758966165eabdaf07c79fc20fc2214f') in 0.0161078 seconds
Number of updated asset objects reloaded before import = 0Number of asset objects unloaded after import = 1

========================================================================
Received Import Request.
  Time since last request: 0.000036 seconds.
  path: Assets/TextMesh Pro/Examples & Extras/Resources/Fonts & Materials/Roboto-Bold SDF - URP.mat
  artifactKey: Guid(90722b8bd74d9aa49958562aff7bdf76) Importer(2089858483,192608db42251d675da83286b1cce702)
Start importing Assets/TextMesh Pro/Examples & Extras/Resources/Fonts & Materials/Roboto-Bold SDF - URP.mat using Guid(90722b8bd74d9aa49958562aff7bdf76) Importer(2089858483,192608db42251d675da83286b1cce702) (ScriptedImporter) -> (artifact id: '76f589646c46f2a84f74cb18d50146b3') in 0.0355022 seconds
Number of updated asset objects reloaded before import = 0Number of asset objects unloaded after import = 3

========================================================================
Received Import Request.
  Time since last request: 0.000076 seconds.
  path: Assets/TextMesh Pro/Examples & Extras/Scripts/TMP_TextInfoDebugTool.cs
  artifactKey: Guid(21256c5b62f346f18640dad779911e20) Importer(2089858483,192608db42251d675da83286b1cce702)
Start importing Assets/TextMesh Pro/Examples & Extras/Scripts/TMP_TextInfoDebugTool.cs using Guid(21256c5b62f346f18640dad779911e20) Importer(2089858483,192608db42251d675da83286b1cce702) (ScriptedImporter) -> (artifact id: '158815c816e3c445d6ccaa74f9704e4c') in 0.014479 seconds
Number of updated asset objects reloaded before import = 0Number of asset objects unloaded after import = 0

========================================================================
Received Import Request.
  Time since last request: 0.000054 seconds.
  path: Assets/TextMesh Pro/Examples & Extras/Scenes/Benchmark (Floating Text).unity
  artifactKey: Guid(16177da2e3254cee91944756d5f8ddd3) Importer(2089858483,192608db42251d675da83286b1cce702)
Start importing Assets/TextMesh Pro/Examples & Extras/Scenes/Benchmark (Floating Text).unity using Guid(16177da2e3254cee91944756d5f8ddd3) Importer(2089858483,192608db42251d675da83286b1cce702) (ScriptedImporter) -> (artifact id: 'b0cd2550eaeedef3e83087de2c9bbc48') in 0.0151254 seconds
Number of updated asset objects reloaded before import = 0Number of asset objects unloaded after import = 1

========================================================================
Received Import Request.
  Time since last request: 0.000067 seconds.
  path: Assets/TextMesh Pro/Examples & Extras/Scripts/TMP_ExampleScript_01.cs
  artifactKey: Guid(6f2c5b59b6874405865e2616e4ec276a) Importer(2089858483,192608db42251d675da83286b1cce702)
Start importing Assets/TextMesh Pro/Examples & Extras/Scripts/TMP_ExampleScript_01.cs using Guid(6f2c5b59b6874405865e2616e4ec276a) Importer(2089858483,192608db42251d675da83286b1cce702) (ScriptedImporter) -> (artifact id: 'bff0ce94a68a6a828a84209d0e863e04') in 0.0128733 seconds
Number of updated asset objects reloaded before import = 0Number of asset objects unloaded after import = 0

========================================================================
Received Import Request.
  Time since last request: 0.000049 seconds.
  path: Assets/TextMesh Pro/Examples & Extras/Scenes/20 - Input Field with Scrollbar.unity
  artifactKey: Guid(337f92480dd24675aae9e79210fb1ad9) Importer(2089858483,192608db42251d675da83286b1cce702)
Start importing Assets/TextMesh Pro/Examples & Extras/Scenes/20 - Input Field with Scrollbar.unity using Guid(337f92480dd24675aae9e79210fb1ad9) Importer(2089858483,192608db42251d675da83286b1cce702) (ScriptedImporter) -> (artifact id: 'f7350ca6706e23e1e4e62aea1843579a') in 0.0158184 seconds
Number of updated asset objects reloaded before import = 0Number of asset objects unloaded after import = 1

========================================================================
Received Import Request.
  Time since last request: 0.000023 seconds.
  path: Assets/TextMesh Pro/Examples & Extras/Scripts/SimpleScript.cs
  artifactKey: Guid(9eff140b25d64601aabc6ba32245d099) Importer(2089858483,192608db42251d675da83286b1cce702)
Start importing Assets/TextMesh Pro/Examples & Extras/Scripts/SimpleScript.cs using Guid(9eff140b25d64601aabc6ba32245d099) Importer(2089858483,192608db42251d675da83286b1cce702) (ScriptedImporter) -> (artifact id: 'e2bc5c91f81eb75e7f7e5c10228538e0') in 0.0142796 seconds
Number of updated asset objects reloaded before import = 0Number of asset objects unloaded after import = 0

========================================================================
Received Import Request.
  Time since last request: 0.000036 seconds.
  path: Assets/TextMesh Pro/Examples & Extras/Scenes/15 - Inline Graphics & Sprites.unity
  artifactKey: Guid(e76e6c0f81964cbda3fe0b7d26ed8060) Importer(2089858483,192608db42251d675da83286b1cce702)
Start importing Assets/TextMesh Pro/Examples & Extras/Scenes/15 - Inline Graphics & Sprites.unity using Guid(e76e6c0f81964cbda3fe0b7d26ed8060) Importer(2089858483,192608db42251d675da83286b1cce702) (ScriptedImporter) -> (artifact id: 'd113bffaf57780fbb1b6a362f0789a6b') in 0.0200781 seconds
Number of updated asset objects reloaded before import = 0Number of asset objects unloaded after import = 1

========================================================================
Received Import Request.
  Time since last request: 0.000051 seconds.
  path: Assets/TextMesh Pro/Examples & Extras/Resources/Fonts & Materials/Bangers SDF.asset
  artifactKey: Guid(125cb55b44b24c4393181402bc6200e6) Importer(2089858483,192608db42251d675da83286b1cce702)
Start importing Assets/TextMesh Pro/Examples & Extras/Resources/Fonts & Materials/Bangers SDF.asset using Guid(125cb55b44b24c4393181402bc6200e6) Importer(2089858483,192608db42251d675da83286b1cce702) (ScriptedImporter) -> (artifact id: 'c9322ac4f1e072dc7767c6030dfb0fbb') in 0.0432756 seconds
Number of updated asset objects reloaded before import = 0Number of asset objects unloaded after import = 7

========================================================================
Received Import Request.
  Time since last request: 0.000047 seconds.
  path: Assets/TextMesh Pro/Examples & Extras/Resources/Fonts & Materials/Anton SDF - Outline.mat
  artifactKey: Guid(a00013af81304728b2be1f4309ee2433) Importer(2089858483,192608db42251d675da83286b1cce702)
Start importing Assets/TextMesh Pro/Examples & Extras/Resources/Fonts & Materials/Anton SDF - Outline.mat using Guid(a00013af81304728b2be1f4309ee2433) Importer(2089858483,192608db42251d675da83286b1cce702) (ScriptedImporter) -> (artifact id: '3d8e44534dc129bf0fb61667cb979c2a') in 0.0357111 seconds
Number of updated asset objects reloaded before import = 0Number of asset objects unloaded after import = 3

========================================================================
Received Import Request.
  Time since last request: 0.000052 seconds.
  path: Assets/TextMesh Pro/Examples & Extras/Scenes/14 - Multi Font & Sprites.unity
  artifactKey: Guid(22a2fba786ad4c40ac0ba09f0b933100) Importer(2089858483,192608db42251d675da83286b1cce702)
Start importing Assets/TextMesh Pro/Examples & Extras/Scenes/14 - Multi Font & Sprites.unity using Guid(22a2fba786ad4c40ac0ba09f0b933100) Importer(2089858483,192608db42251d675da83286b1cce702) (ScriptedImporter) -> (artifact id: '7893ee5d446748da89c90d51c8821f02') in 0.0186451 seconds
Number of updated asset objects reloaded before import = 0Number of asset objects unloaded after import = 1

========================================================================
Received Import Request.
  Time since last request: 0.000029 seconds.
  path: Assets/TextMesh Pro/Examples & Extras/Scripts/VertexShakeA.cs
  artifactKey: Guid(f7cfa58e417a46ea8889989684c2522e) Importer(2089858483,192608db42251d675da83286b1cce702)
Start importing Assets/TextMesh Pro/Examples & Extras/Scripts/VertexShakeA.cs using Guid(f7cfa58e417a46ea8889989684c2522e) Importer(2089858483,192608db42251d675da83286b1cce702) (ScriptedImporter) -> (artifact id: '4b32efd774027373080fc2bbfff0a111') in 0.0179492 seconds
Number of updated asset objects reloaded before import = 0Number of asset objects unloaded after import = 0

========================================================================
Received Import Request.
  Time since last request: 0.000077 seconds.
  path: Assets/TextMesh Pro/Examples & Extras/Scenes/28 - HDRP Shader Example/Sky and Fog Volume Profile.asset
  artifactKey: Guid(83ba2e375bed45f48bce43e5a5f7c88a) Importer(2089858483,192608db42251d675da83286b1cce702)
Start importing Assets/TextMesh Pro/Examples & Extras/Scenes/28 - HDRP Shader Example/Sky and Fog Volume Profile.asset using Guid(83ba2e375bed45f48bce43e5a5f7c88a) Importer(2089858483,192608db42251d675da83286b1cce702) (ScriptedImporter) -> (artifact id: '2511b36c2584a9caabd593a3a551088c') in 0.0122135 seconds
Number of updated asset objects reloaded before import = 0Number of asset objects unloaded after import = 2

========================================================================
Received Import Request.
  Time since last request: 0.000026 seconds.
  path: Assets/TextMesh Pro/Examples & Extras/Scripts/TMP_DigitValidator.cs
  artifactKey: Guid(1a7eb92a01ed499a987bde9def05fbce) Importer(2089858483,192608db42251d675da83286b1cce702)
Start importing Assets/TextMesh Pro/Examples & Extras/Scripts/TMP_DigitValidator.cs using Guid(1a7eb92a01ed499a987bde9def05fbce) Importer(2089858483,192608db42251d675da83286b1cce702) (ScriptedImporter) -> (artifact id: '16633c4e70aa7f1a2fa896060ae3fdfd') in 0.0127729 seconds
Number of updated asset objects reloaded before import = 0Number of asset objects unloaded after import = 0

========================================================================
Received Import Request.
  Time since last request: 0.000075 seconds.
  path: Assets/TextMesh Pro/Examples & Extras/Scripts/TMP_PhoneNumberValidator.cs
  artifactKey: Guid(83680ab1a69f4102ac67d1459fe76e1f) Importer(2089858483,192608db42251d675da83286b1cce702)
Start importing Assets/TextMesh Pro/Examples & Extras/Scripts/TMP_PhoneNumberValidator.cs using Guid(83680ab1a69f4102ac67d1459fe76e1f) Importer(2089858483,192608db42251d675da83286b1cce702) (ScriptedImporter) -> (artifact id: '6cfbf96c88899466d2c6f538cfcb4902') in 0.0113764 seconds
Number of updated asset objects reloaded before import = 0Number of asset objects unloaded after import = 0

========================================================================
Received Import Request.
  Time since last request: 0.000020 seconds.
  path: Assets/TextMesh Pro/Examples & Extras/Textures/Text Overflow - Linked Text Image 1.png
  artifactKey: Guid(4ccf43d26c4748c792174516f4a8fcef) Importer(2089858483,192608db42251d675da83286b1cce702)
Start importing Assets/TextMesh Pro/Examples & Extras/Textures/Text Overflow - Linked Text Image 1.png using Guid(4ccf43d26c4748c792174516f4a8fcef) Importer(2089858483,192608db42251d675da83286b1cce702) (ScriptedImporter) -> (artifact id: '0ebac448e4dea8e6ba24bd7fb8304d70') in 0.026125 seconds
Number of updated asset objects reloaded before import = 0Number of asset objects unloaded after import = 1

========================================================================
Received Import Request.
  Time since last request: 0.000034 seconds.
  path: Assets/TextMesh Pro/Examples & Extras/Textures/Brushed Metal 3.jpg
  artifactKey: Guid(f88677df267a41d6be1e7a6133e7d227) Importer(2089858483,192608db42251d675da83286b1cce702)
Start importing Assets/TextMesh Pro/Examples & Extras/Textures/Brushed Metal 3.jpg using Guid(f88677df267a41d6be1e7a6133e7d227) Importer(2089858483,192608db42251d675da83286b1cce702) (ScriptedImporter) -> (artifact id: 'c45586d3cdbdfe4b4f54d7ab0cf4b94e') in 0.0211219 seconds
Number of updated asset objects reloaded before import = 0Number of asset objects unloaded after import = 1

========================================================================
Received Import Request.
  Time since last request: 0.000041 seconds.
  path: Assets/TextMesh Pro/Examples & Extras/Textures/Floor Tiles 1 - diffuse.jpg
  artifactKey: Guid(85ac55597b97403c82fc6601a93cf241) Importer(2089858483,192608db42251d675da83286b1cce702)
Start importing Assets/TextMesh Pro/Examples & Extras/Textures/Floor Tiles 1 - diffuse.jpg using Guid(85ac55597b97403c82fc6601a93cf241) Importer(2089858483,192608db42251d675da83286b1cce702) (ScriptedImporter) -> (artifact id: '2f2cb5fe740e811e844919745e07b907') in 0.0182078 seconds
Number of updated asset objects reloaded before import = 0Number of asset objects unloaded after import = 1

========================================================================
Received Import Request.
  Time since last request: 0.000033 seconds.
  path: Assets/TextMesh Pro/Examples & Extras/Scripts/ObjectSpin.cs
  artifactKey: Guid(4f19c7f94c794c5097d8bd11e39c750d) Importer(2089858483,192608db42251d675da83286b1cce702)
Start importing Assets/TextMesh Pro/Examples & Extras/Scripts/ObjectSpin.cs using Guid(4f19c7f94c794c5097d8bd11e39c750d) Importer(2089858483,192608db42251d675da83286b1cce702) (ScriptedImporter) -> (artifact id: '738109623873fb721f6b149343e84e89') in 0.0119429 seconds
Number of updated asset objects reloaded before import = 0Number of asset objects unloaded after import = 0

========================================================================
Received Import Request.
  Time since last request: 0.000049 seconds.
  path: Assets/TextMesh Pro/Examples & Extras/Resources/Fonts & Materials/Bangers SDF - Drop Shadow - 2 Pass.mat
  artifactKey: Guid(947a44964e53bf0448ff698b2a2219c0) Importer(2089858483,192608db42251d675da83286b1cce702)
Start importing Assets/TextMesh Pro/Examples & Extras/Resources/Fonts & Materials/Bangers SDF - Drop Shadow - 2 Pass.mat using Guid(947a44964e53bf0448ff698b2a2219c0) Importer(2089858483,192608db42251d675da83286b1cce702) (ScriptedImporter) -> (artifact id: '89a704bfb3cdf4b7c1db316b3e85240b') in 0.0151713 seconds
Number of updated asset objects reloaded before import = 0Number of asset objects unloaded after import = 3

========================================================================
Received Prepare
Refreshing native plugins compatible for Editor in 1.50 ms, found 3 plugins.
Preloading 0 native plugins for Editor in 0.00 ms.
Unloading 29 Unused Serialized files (Serialized files now loaded: 0)
Unloading 5999 unused Assets / (4.8 MB). Loaded Objects now: 6745.
Memory consumption went from 164.3 MB to 159.5 MB.
Total: 40.740200 ms (FindLiveObjects: 0.815300 ms CreateObjectMapping: 0.667200 ms MarkObjects: 33.944600 ms  DeleteObjects: 5.310400 ms)

Prepare: number of updated asset objects reloaded= 0
========================================================================
Received Prepare
Refreshing native plugins compatible for Editor in 1.55 ms, found 3 plugins.
Preloading 0 native plugins for Editor in 0.00 ms.
Unloading 27 Unused Serialized files (Serialized files now loaded: 0)
Unloading 5998 unused Assets / (5.5 MB). Loaded Objects now: 6746.
Memory consumption went from 163.8 MB to 158.3 MB.
Total: 13.697800 ms (FindLiveObjects: 0.850000 ms CreateObjectMapping: 0.689100 ms MarkObjects: 8.474800 ms  DeleteObjects: 3.682100 ms)

Prepare: number of updated asset objects reloaded= 0
========================================================================
Received Prepare
Refreshing native plugins compatible for Editor in 3.01 ms, found 3 plugins.
Preloading 0 native plugins for Editor in 0.00 ms.
Unloading 27 Unused Serialized files (Serialized files now loaded: 0)
Unloading 5998 unused Assets / (6.0 MB). Loaded Objects now: 6746.
Memory consumption went from 163.8 MB to 157.8 MB.
Total: 18.172800 ms (FindLiveObjects: 1.048000 ms CreateObjectMapping: 0.752100 ms MarkObjects: 10.684800 ms  DeleteObjects: 5.684600 ms)

Prepare: number of updated asset objects reloaded= 0
========================================================================
Received Import Request.
  Time since last request: 290.689756 seconds.
  path: Assets/3D/scripts/camera.cs
  artifactKey: Guid(d2a74c46881c5634aab0ac87cbd8f09e) Importer(815301076,1909f56bfc062723c751e8b465ee728b)
Start importing Assets/3D/scripts/camera.cs using Guid(d2a74c46881c5634aab0ac87cbd8f09e) Importer(815301076,1909f56bfc062723c751e8b465ee728b) (PreviewImporter) -> (artifact id: '1cbb57cddaac428dbeb4f9c46af57b80') in 0.0820008 seconds
Number of updated asset objects reloaded before import = 0Number of asset objects unloaded after import = 0

========================================================================
Received Prepare
Refreshing native plugins compatible for Editor in 1.33 ms, found 3 plugins.
Preloading 0 native plugins for Editor in 0.00 ms.
Unloading 27 Unused Serialized files (Serialized files now loaded: 0)
Unloading 5997 unused Assets / (6.1 MB). Loaded Objects now: 6745.
Memory consumption went from 163.8 MB to 157.7 MB.
Total: 17.990300 ms (FindLiveObjects: 0.781300 ms CreateObjectMapping: 0.609000 ms MarkObjects: 12.266300 ms  DeleteObjects: 4.331300 ms)

Prepare: number of updated asset objects reloaded= 0
========================================================================
Received Prepare
Refreshing native plugins compatible for Editor in 1.24 ms, found 3 plugins.
Preloading 0 native plugins for Editor in 0.00 ms.
Unloading 27 Unused Serialized files (Serialized files now loaded: 0)
Unloading 5998 unused Assets / (5.4 MB). Loaded Objects now: 6746.
Memory consumption went from 163.8 MB to 158.4 MB.
Total: 11.061300 ms (FindLiveObjects: 0.882800 ms CreateObjectMapping: 0.577800 ms MarkObjects: 6.125900 ms  DeleteObjects: 3.473200 ms)

Prepare: number of updated asset objects reloaded= 0
========================================================================
Received Prepare
Refreshing native plugins compatible for Editor in 2.39 ms, found 3 plugins.
Preloading 0 native plugins for Editor in 0.00 ms.
Unloading 27 Unused Serialized files (Serialized files now loaded: 0)
Unloading 5998 unused Assets / (6.0 MB). Loaded Objects now: 6746.
Memory consumption went from 163.8 MB to 157.8 MB.
Total: 12.691600 ms (FindLiveObjects: 0.808900 ms CreateObjectMapping: 0.628000 ms MarkObjects: 7.204100 ms  DeleteObjects: 4.049200 ms)

Prepare: number of updated asset objects reloaded= 0
========================================================================
Received Prepare
Refreshing native plugins compatible for Editor in 2.74 ms, found 3 plugins.
Preloading 0 native plugins for Editor in 0.00 ms.
Unloading 27 Unused Serialized files (Serialized files now loaded: 0)
Unloading 5998 unused Assets / (5.6 MB). Loaded Objects now: 6746.
Memory consumption went from 163.8 MB to 158.2 MB.
Total: 18.902500 ms (FindLiveObjects: 1.387400 ms CreateObjectMapping: 0.920000 ms MarkObjects: 11.097700 ms  DeleteObjects: 5.495300 ms)

Prepare: number of updated asset objects reloaded= 0
========================================================================
Received Prepare
Refreshing native plugins compatible for Editor in 1.16 ms, found 3 plugins.
Preloading 0 native plugins for Editor in 0.00 ms.
Unloading 27 Unused Serialized files (Serialized files now loaded: 0)
Unloading 5997 unused Assets / (5.2 MB). Loaded Objects now: 6745.
Memory consumption went from 163.8 MB to 158.6 MB.
Total: 11.188700 ms (FindLiveObjects: 0.573400 ms CreateObjectMapping: 0.498700 ms MarkObjects: 6.205900 ms  DeleteObjects: 3.909600 ms)

Prepare: number of updated asset objects reloaded= 0
========================================================================
Received Prepare
Begin MonoManager ReloadAssembly
- Loaded All Assemblies, in  1.564 seconds
Refreshing native plugins compatible for Editor in 1.04 ms, found 3 plugins.
Assertion failed on expression: 'pred(*previous, *i)'
Assertion failed on expression: 'pred(*previous, *i)'
Assertion failed on expression: 'pred(*previous, *i)'
Assertion failed on expression: 'pred(*previous, *i)'
Assertion failed on expression: 'pred(*previous, *i)'
Assertion failed on expression: 'pred(*previous, *i)'
Assertion failed on expression: 'pred(*previous, *i)'
Assertion failed on expression: 'pred(*previous, *i)'
Assertion failed on expression: 'pred(*previous, *i)'
Assertion failed on expression: 'pred(*previous, *i)'
Assertion failed on expression: 'pred(*previous, *i)'
Native extension for WindowsStandalone target not found
Mono: successfully reloaded assembly
- Finished resetting the current domain, in  0.705 seconds
Domain Reload Profiling: 2269ms
	BeginReloadAssembly (532ms)
		ExecutionOrderSort (0ms)
		DisableScriptedObjects (16ms)
		BackupInstance (0ms)
		ReleaseScriptingObjects (1ms)
		CreateAndSetChildDomain (233ms)
	RebuildCommonClasses (36ms)
	RebuildNativeTypeToScriptingClass (11ms)
	initialDomainReloadingComplete (34ms)
	LoadAllAssembliesAndSetupDomain (951ms)
		LoadAssemblies (949ms)
		RebuildTransferFunctionScriptingTraits (0ms)
		AnalyzeDomain (217ms)
			TypeCache.Refresh (26ms)
				TypeCache.ScanAssembly (2ms)
			BuildScriptInfoCaches (173ms)
			ResolveRequiredComponents (10ms)
	FinalizeReload (705ms)
		ReleaseScriptCaches (0ms)
		RebuildScriptCaches (0ms)
		SetupLoadedEditorAssemblies (509ms)
			LogAssemblyErrors (0ms)
			InitializePlatformSupportModulesInManaged (2ms)
			SetLoadedEditorAssemblies (5ms)
			BeforeProcessingInitializeOnLoad (108ms)
			ProcessInitializeOnLoadAttributes (336ms)
			ProcessInitializeOnLoadMethodAttributes (53ms)
			AfterProcessingInitializeOnLoad (5ms)
			EditorAssembliesLoaded (0ms)
		ExecutionOrderSort2 (0ms)
		AwakeInstancesAfterBackupRestoration (15ms)
Refreshing native plugins compatible for Editor in 1.22 ms, found 3 plugins.
Preloading 0 native plugins for Editor in 0.00 ms.
Unloading 27 Unused Serialized files (Serialized files now loaded: 0)
Unloading 6004 unused Assets / (5.3 MB). Loaded Objects now: 6747.
Memory consumption went from 162.5 MB to 157.3 MB.
Total: 9.701700 ms (FindLiveObjects: 1.023000 ms CreateObjectMapping: 0.778700 ms MarkObjects: 4.257600 ms  DeleteObjects: 3.639000 ms)

Prepare: number of updated asset objects reloaded= 0
========================================================================
Received Prepare
Begin MonoManager ReloadAssembly
- Loaded All Assemblies, in  0.750 seconds
Refreshing native plugins compatible for Editor in 1.07 ms, found 3 plugins.
Assertion failed on expression: 'pred(*previous, *i)'
Assertion failed on expression: 'pred(*previous, *i)'
Assertion failed on expression: 'pred(*previous, *i)'
Assertion failed on expression: 'pred(*previous, *i)'
Assertion failed on expression: 'pred(*previous, *i)'
Assertion failed on expression: 'pred(*previous, *i)'
Assertion failed on expression: 'pred(*previous, *i)'
Assertion failed on expression: 'pred(*previous, *i)'
Assertion failed on expression: 'pred(*previous, *i)'
Assertion failed on expression: 'pred(*previous, *i)'
Assertion failed on expression: 'pred(*previous, *i)'
Assertion failed on expression: 'pred(*previous, *i)'
Native extension for WindowsStandalone target not found
Mono: successfully reloaded assembly
- Finished resetting the current domain, in  0.711 seconds
Domain Reload Profiling: 1462ms
	BeginReloadAssembly (204ms)
		ExecutionOrderSort (0ms)
		DisableScriptedObjects (8ms)
		BackupInstance (0ms)
		ReleaseScriptingObjects (0ms)
		CreateAndSetChildDomain (45ms)
	RebuildCommonClasses (33ms)
	RebuildNativeTypeToScriptingClass (12ms)
	initialDomainReloadingComplete (28ms)
	LoadAllAssembliesAndSetupDomain (473ms)
		LoadAssemblies (402ms)
		RebuildTransferFunctionScriptingTraits (0ms)
		AnalyzeDomain (172ms)
			TypeCache.Refresh (9ms)
				TypeCache.ScanAssembly (0ms)
			BuildScriptInfoCaches (149ms)
			ResolveRequiredComponents (10ms)
	FinalizeReload (712ms)
		ReleaseScriptCaches (0ms)
		RebuildScriptCaches (0ms)
		SetupLoadedEditorAssemblies (529ms)
			LogAssemblyErrors (0ms)
			InitializePlatformSupportModulesInManaged (2ms)
			SetLoadedEditorAssemblies (6ms)
			BeforeProcessingInitializeOnLoad (97ms)
			ProcessInitializeOnLoadAttributes (342ms)
			ProcessInitializeOnLoadMethodAttributes (74ms)
			AfterProcessingInitializeOnLoad (8ms)
			EditorAssembliesLoaded (1ms)
		ExecutionOrderSort2 (0ms)
		AwakeInstancesAfterBackupRestoration (17ms)
Refreshing native plugins compatible for Editor in 1.75 ms, found 3 plugins.
Preloading 0 native plugins for Editor in 0.00 ms.
Unloading 27 Unused Serialized files (Serialized files now loaded: 0)
Unloading 6004 unused Assets / (5.4 MB). Loaded Objects now: 6749.
Memory consumption went from 162.5 MB to 157.2 MB.
Total: 14.017400 ms (FindLiveObjects: 0.949700 ms CreateObjectMapping: 0.870700 ms MarkObjects: 6.921800 ms  DeleteObjects: 5.272300 ms)

Prepare: number of updated asset objects reloaded= 0
========================================================================
Received Prepare
Begin MonoManager ReloadAssembly
- Loaded All Assemblies, in  0.706 seconds
Refreshing native plugins compatible for Editor in 1.15 ms, found 3 plugins.
Assertion failed on expression: 'pred(*previous, *i)'
Assertion failed on expression: 'pred(*previous, *i)'
Assertion failed on expression: 'pred(*previous, *i)'
Assertion failed on expression: 'pred(*previous, *i)'
Assertion failed on expression: 'pred(*previous, *i)'
Assertion failed on expression: 'pred(*previous, *i)'
Assertion failed on expression: 'pred(*previous, *i)'
Assertion failed on expression: 'pred(*previous, *i)'
Assertion failed on expression: 'pred(*previous, *i)'
Assertion failed on expression: 'pred(*previous, *i)'
Assertion failed on expression: 'pred(*previous, *i)'
Assertion failed on expression: 'pred(*previous, *i)'
Native extension for WindowsStandalone target not found
Mono: successfully reloaded assembly
- Finished resetting the current domain, in  0.788 seconds
Domain Reload Profiling: 1494ms
	BeginReloadAssembly (211ms)
		ExecutionOrderSort (0ms)
		DisableScriptedObjects (7ms)
		BackupInstance (0ms)
		ReleaseScriptingObjects (0ms)
		CreateAndSetChildDomain (58ms)
	RebuildCommonClasses (31ms)
	RebuildNativeTypeToScriptingClass (11ms)
	initialDomainReloadingComplete (33ms)
	LoadAllAssembliesAndSetupDomain (420ms)
		LoadAssemblies (357ms)
		RebuildTransferFunctionScriptingTraits (0ms)
		AnalyzeDomain (162ms)
			TypeCache.Refresh (8ms)
				TypeCache.ScanAssembly (0ms)
			BuildScriptInfoCaches (140ms)
			ResolveRequiredComponents (10ms)
	FinalizeReload (789ms)
		ReleaseScriptCaches (0ms)
		RebuildScriptCaches (0ms)
		SetupLoadedEditorAssemblies (609ms)
			LogAssemblyErrors (0ms)
			InitializePlatformSupportModulesInManaged (2ms)
			SetLoadedEditorAssemblies (7ms)
			BeforeProcessingInitializeOnLoad (117ms)
			ProcessInitializeOnLoadAttributes (413ms)
			ProcessInitializeOnLoadMethodAttributes (60ms)
			AfterProcessingInitializeOnLoad (9ms)
			EditorAssembliesLoaded (0ms)
		ExecutionOrderSort2 (0ms)
		AwakeInstancesAfterBackupRestoration (18ms)
Refreshing native plugins compatible for Editor in 1.36 ms, found 3 plugins.
Preloading 0 native plugins for Editor in 0.00 ms.
Unloading 27 Unused Serialized files (Serialized files now loaded: 0)
Unloading 6004 unused Assets / (5.6 MB). Loaded Objects now: 6751.
Memory consumption went from 162.6 MB to 157.0 MB.
Total: 15.040100 ms (FindLiveObjects: 1.035700 ms CreateObjectMapping: 1.297000 ms MarkObjects: 7.534500 ms  DeleteObjects: 5.168200 ms)

Prepare: number of updated asset objects reloaded= 0
========================================================================
Received Prepare
Begin MonoManager ReloadAssembly
- Loaded All Assemblies, in  0.778 seconds
Refreshing native plugins compatible for Editor in 0.97 ms, found 3 plugins.
Assertion failed on expression: 'pred(*previous, *i)'
Assertion failed on expression: 'pred(*previous, *i)'
Assertion failed on expression: 'pred(*previous, *i)'
Assertion failed on expression: 'pred(*previous, *i)'
Assertion failed on expression: 'pred(*previous, *i)'
Assertion failed on expression: 'pred(*previous, *i)'
Assertion failed on expression: 'pred(*previous, *i)'
Assertion failed on expression: 'pred(*previous, *i)'
Assertion failed on expression: 'pred(*previous, *i)'
Assertion failed on expression: 'pred(*previous, *i)'
Assertion failed on expression: 'pred(*previous, *i)'
Assertion failed on expression: 'pred(*previous, *i)'
Native extension for WindowsStandalone target not found
Mono: successfully reloaded assembly
- Finished resetting the current domain, in  0.704 seconds
Domain Reload Profiling: 1482ms
	BeginReloadAssembly (233ms)
		ExecutionOrderSort (0ms)
		DisableScriptedObjects (6ms)
		BackupInstance (0ms)
		ReleaseScriptingObjects (0ms)
		CreateAndSetChildDomain (48ms)
	RebuildCommonClasses (46ms)
	RebuildNativeTypeToScriptingClass (10ms)
	initialDomainReloadingComplete (28ms)
	LoadAllAssembliesAndSetupDomain (460ms)
		LoadAssemblies (436ms)
		RebuildTransferFunctionScriptingTraits (0ms)
		AnalyzeDomain (157ms)
			TypeCache.Refresh (11ms)
				TypeCache.ScanAssembly (1ms)
			BuildScriptInfoCaches (133ms)
			ResolveRequiredComponents (9ms)
	FinalizeReload (705ms)
		ReleaseScriptCaches (0ms)
		RebuildScriptCaches (0ms)
		SetupLoadedEditorAssemblies (486ms)
			LogAssemblyErrors (0ms)
			InitializePlatformSupportModulesInManaged (3ms)
			SetLoadedEditorAssemblies (6ms)
			BeforeProcessingInitializeOnLoad (107ms)
			ProcessInitializeOnLoadAttributes (321ms)
			ProcessInitializeOnLoadMethodAttributes (44ms)
			AfterProcessingInitializeOnLoad (5ms)
			EditorAssembliesLoaded (0ms)
		ExecutionOrderSort2 (0ms)
		AwakeInstancesAfterBackupRestoration (12ms)
Refreshing native plugins compatible for Editor in 1.28 ms, found 3 plugins.
Preloading 0 native plugins for Editor in 0.00 ms.
Unloading 27 Unused Serialized files (Serialized files now loaded: 0)
Unloading 6004 unused Assets / (5.3 MB). Loaded Objects now: 6753.
Memory consumption went from 162.6 MB to 157.3 MB.
Total: 8.266200 ms (FindLiveObjects: 0.592300 ms CreateObjectMapping: 0.467000 ms MarkObjects: 4.145000 ms  DeleteObjects: 3.060000 ms)

Prepare: number of updated asset objects reloaded= 0
========================================================================
Received Import Request.
  Time since last request: 1156.797428 seconds.
  path: Assets/3D/prefabs/throwables/bullet.prefab
  artifactKey: Guid(c9ff27c0d5138db4290c5a28015b92c3) Importer(815301076,1909f56bfc062723c751e8b465ee728b)
Start importing Assets/3D/prefabs/throwables/bullet.prefab using Guid(c9ff27c0d5138db4290c5a28015b92c3) Importer(815301076,1909f56bfc062723c751e8b465ee728b) (PreviewImporter) -> (artifact id: '0a4fcbd162add5006a506e7af6c97d35') in 0.8194604 seconds
Number of updated asset objects reloaded before import = 0Number of asset objects unloaded after import = 74

========================================================================
Received Import Request.
  Time since last request: 22.172912 seconds.
  path: Assets/3D/prefabs/throwables/bullet.prefab
  artifactKey: Guid(c9ff27c0d5138db4290c5a28015b92c3) Importer(815301076,1909f56bfc062723c751e8b465ee728b)
Start importing Assets/3D/prefabs/throwables/bullet.prefab using Guid(c9ff27c0d5138db4290c5a28015b92c3) Importer(815301076,1909f56bfc062723c751e8b465ee728b) (PreviewImporter) -> (artifact id: '2de4a38ea166a4ed5378e7ec03c9a7c7') in 0.0402162 seconds
Number of updated asset objects reloaded before import = 0Number of asset objects unloaded after import = 82

========================================================================
Received Import Request.
  Time since last request: 7.333682 seconds.
  path: Assets/3D/prefabs/throwables/bullet.prefab
  artifactKey: Guid(c9ff27c0d5138db4290c5a28015b92c3) Importer(815301076,1909f56bfc062723c751e8b465ee728b)
Start importing Assets/3D/prefabs/throwables/bullet.prefab using Guid(c9ff27c0d5138db4290c5a28015b92c3) Importer(815301076,1909f56bfc062723c751e8b465ee728b) (PreviewImporter) -> (artifact id: 'cfa3a1b7418789868da5a09bdd1a650c') in 0.0333285 seconds
Number of updated asset objects reloaded before import = 0Number of asset objects unloaded after import = 82

========================================================================
Received Import Request.
  Time since last request: 0.000025 seconds.
  path: Assets/3D/prefabs/throwables/explosion.prefab
  artifactKey: Guid(b8eeeac37f9539d4481409dc367cabb2) Importer(815301076,1909f56bfc062723c751e8b465ee728b)
Start importing Assets/3D/prefabs/throwables/explosion.prefab using Guid(b8eeeac37f9539d4481409dc367cabb2) Importer(815301076,1909f56bfc062723c751e8b465ee728b) (PreviewImporter) -> (artifact id: '99e79a7dbae9bdeb817e42caf9e8c71f') in 0.0358542 seconds
Number of updated asset objects reloaded before import = 0Number of asset objects unloaded after import = 82

========================================================================
Received Import Request.
  Time since last request: 3.543585 seconds.
  path: Assets/3D/prefabs/throwables/bullet.prefab
  artifactKey: Guid(c9ff27c0d5138db4290c5a28015b92c3) Importer(815301076,1909f56bfc062723c751e8b465ee728b)
Start importing Assets/3D/prefabs/throwables/bullet.prefab using Guid(c9ff27c0d5138db4290c5a28015b92c3) Importer(815301076,1909f56bfc062723c751e8b465ee728b) (PreviewImporter) -> (artifact id: 'be7ad0ece5b34ed8a982625079fa8957') in 0.0348575 seconds
Number of updated asset objects reloaded before import = 0Number of asset objects unloaded after import = 90

========================================================================
Received Prepare
Begin MonoManager ReloadAssembly
- Loaded All Assemblies, in  0.748 seconds
Refreshing native plugins compatible for Editor in 0.98 ms, found 3 plugins.
Assertion failed on expression: 'pred(*previous, *i)'
Assertion failed on expression: 'pred(*previous, *i)'
Assertion failed on expression: 'pred(*previous, *i)'
Assertion failed on expression: 'pred(*previous, *i)'
Assertion failed on expression: 'pred(*previous, *i)'
Assertion failed on expression: 'pred(*previous, *i)'
Assertion failed on expression: 'pred(*previous, *i)'
Assertion failed on expression: 'pred(*previous, *i)'
Assertion failed on expression: 'pred(*previous, *i)'
Assertion failed on expression: 'pred(*previous, *i)'
Assertion failed on expression: 'pred(*previous, *i)'
Assertion failed on expression: 'pred(*previous, *i)'
Native extension for WindowsStandalone target not found
Mono: successfully reloaded assembly
- Finished resetting the current domain, in  0.711 seconds
Domain Reload Profiling: 1459ms
	BeginReloadAssembly (227ms)
		ExecutionOrderSort (0ms)
		DisableScriptedObjects (21ms)
		BackupInstance (0ms)
		ReleaseScriptingObjects (0ms)
		CreateAndSetChildDomain (64ms)
	RebuildCommonClasses (39ms)
	RebuildNativeTypeToScriptingClass (10ms)
	initialDomainReloadingComplete (27ms)
	LoadAllAssembliesAndSetupDomain (444ms)
		LoadAssemblies (375ms)
		RebuildTransferFunctionScriptingTraits (0ms)
		AnalyzeDomain (168ms)
			TypeCache.Refresh (12ms)
				TypeCache.ScanAssembly (0ms)
			BuildScriptInfoCaches (143ms)
			ResolveRequiredComponents (11ms)
	FinalizeReload (712ms)
		ReleaseScriptCaches (0ms)
		RebuildScriptCaches (0ms)
		SetupLoadedEditorAssemblies (536ms)
			LogAssemblyErrors (0ms)
			InitializePlatformSupportModulesInManaged (2ms)
			SetLoadedEditorAssemblies (5ms)
			BeforeProcessingInitializeOnLoad (103ms)
			ProcessInitializeOnLoadAttributes (365ms)
			ProcessInitializeOnLoadMethodAttributes (55ms)
			AfterProcessingInitializeOnLoad (5ms)
			EditorAssembliesLoaded (0ms)
		ExecutionOrderSort2 (0ms)
		AwakeInstancesAfterBackupRestoration (18ms)
Refreshing native plugins compatible for Editor in 1.71 ms, found 3 plugins.
Preloading 0 native plugins for Editor in 0.00 ms.
Unloading 27 Unused Serialized files (Serialized files now loaded: 0)
Unloading 6006 unused Assets / (6.4 MB). Loaded Objects now: 6778.
Memory consumption went from 166.9 MB to 160.6 MB.
Total: 13.986500 ms (FindLiveObjects: 1.183300 ms CreateObjectMapping: 1.630500 ms MarkObjects: 5.223600 ms  DeleteObjects: 5.947000 ms)

Prepare: number of updated asset objects reloaded= 0
========================================================================
Received Prepare
Begin MonoManager ReloadAssembly
- Loaded All Assemblies, in  0.683 seconds
Refreshing native plugins compatible for Editor in 1.06 ms, found 3 plugins.
Assertion failed on expression: 'pred(*previous, *i)'
Assertion failed on expression: 'pred(*previous, *i)'
Assertion failed on expression: 'pred(*previous, *i)'
Assertion failed on expression: 'pred(*previous, *i)'
Assertion failed on expression: 'pred(*previous, *i)'
Assertion failed on expression: 'pred(*previous, *i)'
Assertion failed on expression: 'pred(*previous, *i)'
Assertion failed on expression: 'pred(*previous, *i)'
Assertion failed on expression: 'pred(*previous, *i)'
Assertion failed on expression: 'pred(*previous, *i)'
Assertion failed on expression: 'pred(*previous, *i)'
Assertion failed on expression: 'pred(*previous, *i)'
Native extension for WindowsStandalone target not found
Mono: successfully reloaded assembly
- Finished resetting the current domain, in  0.710 seconds
Domain Reload Profiling: 1392ms
	BeginReloadAssembly (199ms)
		ExecutionOrderSort (0ms)
		DisableScriptedObjects (5ms)
		BackupInstance (0ms)
		ReleaseScriptingObjects (0ms)
		CreateAndSetChildDomain (54ms)
	RebuildCommonClasses (30ms)
	RebuildNativeTypeToScriptingClass (10ms)
	initialDomainReloadingComplete (32ms)
	LoadAllAssembliesAndSetupDomain (410ms)
		LoadAssemblies (352ms)
		RebuildTransferFunctionScriptingTraits (0ms)
		AnalyzeDomain (152ms)
			TypeCache.Refresh (7ms)
				TypeCache.ScanAssembly (0ms)
			BuildScriptInfoCaches (132ms)
			ResolveRequiredComponents (9ms)
	FinalizeReload (710ms)
		ReleaseScriptCaches (0ms)
		RebuildScriptCaches (0ms)
		SetupLoadedEditorAssemblies (544ms)
			LogAssemblyErrors (0ms)
			InitializePlatformSupportModulesInManaged (2ms)
			SetLoadedEditorAssemblies (7ms)
			BeforeProcessingInitializeOnLoad (101ms)
			ProcessInitializeOnLoadAttributes (366ms)
			ProcessInitializeOnLoadMethodAttributes (60ms)
			AfterProcessingInitializeOnLoad (8ms)
			EditorAssembliesLoaded (0ms)
		ExecutionOrderSort2 (0ms)
		AwakeInstancesAfterBackupRestoration (14ms)
Refreshing native plugins compatible for Editor in 1.38 ms, found 3 plugins.
Preloading 0 native plugins for Editor in 0.00 ms.
Unloading 27 Unused Serialized files (Serialized files now loaded: 0)
Unloading 6004 unused Assets / (5.1 MB). Loaded Objects now: 6780.
Memory consumption went from 166.8 MB to 161.7 MB.
Total: 12.154300 ms (FindLiveObjects: 0.568400 ms CreateObjectMapping: 0.827500 ms MarkObjects: 5.934000 ms  DeleteObjects: 4.821600 ms)

Prepare: number of updated asset objects reloaded= 0
========================================================================
Received Prepare
Begin MonoManager ReloadAssembly
- Loaded All Assemblies, in  0.670 seconds
Refreshing native plugins compatible for Editor in 1.12 ms, found 3 plugins.
Assertion failed on expression: 'pred(*previous, *i)'
Assertion failed on expression: 'pred(*previous, *i)'
Assertion failed on expression: 'pred(*previous, *i)'
Assertion failed on expression: 'pred(*previous, *i)'
Assertion failed on expression: 'pred(*previous, *i)'
Assertion failed on expression: 'pred(*previous, *i)'
Assertion failed on expression: 'pred(*previous, *i)'
Assertion failed on expression: 'pred(*previous, *i)'
Assertion failed on expression: 'pred(*previous, *i)'
Assertion failed on expression: 'pred(*previous, *i)'
Assertion failed on expression: 'pred(*previous, *i)'
Assertion failed on expression: 'pred(*previous, *i)'
Native extension for WindowsStandalone target not found
Mono: successfully reloaded assembly
- Finished resetting the current domain, in  0.714 seconds
Domain Reload Profiling: 1386ms
	BeginReloadAssembly (193ms)
		ExecutionOrderSort (0ms)
		DisableScriptedObjects (6ms)
		BackupInstance (0ms)
		ReleaseScriptingObjects (0ms)
		CreateAndSetChildDomain (49ms)
	RebuildCommonClasses (34ms)
	RebuildNativeTypeToScriptingClass (10ms)
	initialDomainReloadingComplete (31ms)
	LoadAllAssembliesAndSetupDomain (402ms)
		LoadAssemblies (341ms)
		RebuildTransferFunctionScriptingTraits (0ms)
		AnalyzeDomain (154ms)
			TypeCache.Refresh (9ms)
				TypeCache.ScanAssembly (0ms)
			BuildScriptInfoCaches (132ms)
			ResolveRequiredComponents (8ms)
	FinalizeReload (715ms)
		ReleaseScriptCaches (0ms)
		RebuildScriptCaches (0ms)
		SetupLoadedEditorAssemblies (538ms)
			LogAssemblyErrors (0ms)
			InitializePlatformSupportModulesInManaged (2ms)
			SetLoadedEditorAssemblies (5ms)
			BeforeProcessingInitializeOnLoad (103ms)
			ProcessInitializeOnLoadAttributes (358ms)
			ProcessInitializeOnLoadMethodAttributes (65ms)
			AfterProcessingInitializeOnLoad (6ms)
			EditorAssembliesLoaded (0ms)
		ExecutionOrderSort2 (0ms)
		AwakeInstancesAfterBackupRestoration (16ms)
Refreshing native plugins compatible for Editor in 2.04 ms, found 3 plugins.
Preloading 0 native plugins for Editor in 0.00 ms.
Unloading 27 Unused Serialized files (Serialized files now loaded: 0)
Unloading 6004 unused Assets / (5.3 MB). Loaded Objects now: 6782.
Memory consumption went from 166.9 MB to 161.6 MB.
Total: 19.154100 ms (FindLiveObjects: 1.672800 ms CreateObjectMapping: 1.283300 ms MarkObjects: 8.086400 ms  DeleteObjects: 8.108100 ms)

Prepare: number of updated asset objects reloaded= 0
========================================================================
Received Prepare
Begin MonoManager ReloadAssembly
- Loaded All Assemblies, in  0.777 seconds
Refreshing native plugins compatible for Editor in 1.67 ms, found 3 plugins.
Assertion failed on expression: 'pred(*previous, *i)'
Assertion failed on expression: 'pred(*previous, *i)'
Assertion failed on expression: 'pred(*previous, *i)'
Assertion failed on expression: 'pred(*previous, *i)'
Assertion failed on expression: 'pred(*previous, *i)'
Assertion failed on expression: 'pred(*previous, *i)'
Assertion failed on expression: 'pred(*previous, *i)'
Assertion failed on expression: 'pred(*previous, *i)'
Assertion failed on expression: 'pred(*previous, *i)'
Assertion failed on expression: 'pred(*previous, *i)'
Assertion failed on expression: 'pred(*previous, *i)'
Assertion failed on expression: 'pred(*previous, *i)'
Native extension for WindowsStandalone target not found
Mono: successfully reloaded assembly
- Finished resetting the current domain, in  0.778 seconds
Domain Reload Profiling: 1551ms
	BeginReloadAssembly (209ms)
		ExecutionOrderSort (0ms)
		DisableScriptedObjects (6ms)
		BackupInstance (0ms)
		ReleaseScriptingObjects (0ms)
		CreateAndSetChildDomain (52ms)
	RebuildCommonClasses (35ms)
	RebuildNativeTypeToScriptingClass (10ms)
	initialDomainReloadingComplete (30ms)
	LoadAllAssembliesAndSetupDomain (488ms)
		LoadAssemblies (423ms)
		RebuildTransferFunctionScriptingTraits (0ms)
		AnalyzeDomain (172ms)
			TypeCache.Refresh (9ms)
				TypeCache.ScanAssembly (0ms)
			BuildScriptInfoCaches (147ms)
			ResolveRequiredComponents (12ms)
	FinalizeReload (779ms)
		ReleaseScriptCaches (0ms)
		RebuildScriptCaches (0ms)
		SetupLoadedEditorAssemblies (564ms)
			LogAssemblyErrors (0ms)
			InitializePlatformSupportModulesInManaged (2ms)
			SetLoadedEditorAssemblies (7ms)
			BeforeProcessingInitializeOnLoad (99ms)
			ProcessInitializeOnLoadAttributes (378ms)
			ProcessInitializeOnLoadMethodAttributes (68ms)
			AfterProcessingInitializeOnLoad (9ms)
			EditorAssembliesLoaded (0ms)
		ExecutionOrderSort2 (0ms)
		AwakeInstancesAfterBackupRestoration (20ms)
Refreshing native plugins compatible for Editor in 1.78 ms, found 3 plugins.
Preloading 0 native plugins for Editor in 0.00 ms.
Unloading 27 Unused Serialized files (Serialized files now loaded: 0)
Unloading 6004 unused Assets / (5.7 MB). Loaded Objects now: 6784.
Memory consumption went from 166.9 MB to 161.2 MB.
Total: 19.271500 ms (FindLiveObjects: 1.732900 ms CreateObjectMapping: 1.382800 ms MarkObjects: 9.142000 ms  DeleteObjects: 7.011400 ms)

Prepare: number of updated asset objects reloaded= 0
========================================================================
Received Import Request.
  Time since last request: 533.066812 seconds.
  path: Assets/3D/prefabs/player.prefab
  artifactKey: Guid(a9d9d122d25a35e428164c59ec6171e7) Importer(815301076,1909f56bfc062723c751e8b465ee728b)
Start importing Assets/3D/prefabs/player.prefab using Guid(a9d9d122d25a35e428164c59ec6171e7) Importer(815301076,1909f56bfc062723c751e8b465ee728b) (PreviewImporter) -> (artifact id: 'ad8f1ad6004a6a534bba2970fa9b66d3') in 0.5216879 seconds
Number of updated asset objects reloaded before import = 0Number of asset objects unloaded after import = 74

========================================================================
Received Prepare
Begin MonoManager ReloadAssembly
- Loaded All Assemblies, in  0.913 seconds
Refreshing native plugins compatible for Editor in 1.70 ms, found 3 plugins.
Assertion failed on expression: 'pred(*previous, *i)'
Assertion failed on expression: 'pred(*previous, *i)'
Assertion failed on expression: 'pred(*previous, *i)'
Assertion failed on expression: 'pred(*previous, *i)'
Assertion failed on expression: 'pred(*previous, *i)'
Assertion failed on expression: 'pred(*previous, *i)'
Assertion failed on expression: 'pred(*previous, *i)'
Assertion failed on expression: 'pred(*previous, *i)'
Assertion failed on expression: 'pred(*previous, *i)'
Assertion failed on expression: 'pred(*previous, *i)'
Assertion failed on expression: 'pred(*previous, *i)'
Assertion failed on expression: 'pred(*previous, *i)'
Native extension for WindowsStandalone target not found
Mono: successfully reloaded assembly
- Finished resetting the current domain, in  0.904 seconds
Domain Reload Profiling: 1818ms
	BeginReloadAssembly (284ms)
		ExecutionOrderSort (0ms)
		DisableScriptedObjects (28ms)
		BackupInstance (0ms)
		ReleaseScriptingObjects (0ms)
		CreateAndSetChildDomain (87ms)
	RebuildCommonClasses (36ms)
	RebuildNativeTypeToScriptingClass (11ms)
	initialDomainReloadingComplete (32ms)
	LoadAllAssembliesAndSetupDomain (551ms)
		LoadAssemblies (451ms)
		RebuildTransferFunctionScriptingTraits (0ms)
		AnalyzeDomain (216ms)
			TypeCache.Refresh (13ms)
				TypeCache.ScanAssembly (0ms)
			BuildScriptInfoCaches (185ms)
			ResolveRequiredComponents (13ms)
	FinalizeReload (905ms)
		ReleaseScriptCaches (0ms)
		RebuildScriptCaches (0ms)
		SetupLoadedEditorAssemblies (664ms)
			LogAssemblyErrors (0ms)
			InitializePlatformSupportModulesInManaged (3ms)
			SetLoadedEditorAssemblies (8ms)
			BeforeProcessingInitializeOnLoad (133ms)
			ProcessInitializeOnLoadAttributes (431ms)
			ProcessInitializeOnLoadMethodAttributes (81ms)
			AfterProcessingInitializeOnLoad (8ms)
			EditorAssembliesLoaded (0ms)
		ExecutionOrderSort2 (0ms)
		AwakeInstancesAfterBackupRestoration (21ms)
Refreshing native plugins compatible for Editor in 2.12 ms, found 3 plugins.
Preloading 0 native plugins for Editor in 0.00 ms.
Unloading 27 Unused Serialized files (Serialized files now loaded: 0)
Unloading 6006 unused Assets / (5.4 MB). Loaded Objects now: 6806.
Memory consumption went from 171.2 MB to 165.8 MB.
Total: 11.644300 ms (FindLiveObjects: 0.920800 ms CreateObjectMapping: 0.676500 ms MarkObjects: 6.140500 ms  DeleteObjects: 3.904100 ms)

Prepare: number of updated asset objects reloaded= 0
========================================================================
Received Prepare
Begin MonoManager ReloadAssembly
- Loaded All Assemblies, in  0.870 seconds
Refreshing native plugins compatible for Editor in 1.10 ms, found 3 plugins.
Assertion failed on expression: 'pred(*previous, *i)'
Assertion failed on expression: 'pred(*previous, *i)'
Assertion failed on expression: 'pred(*previous, *i)'
Assertion failed on expression: 'pred(*previous, *i)'
Assertion failed on expression: 'pred(*previous, *i)'
Assertion failed on expression: 'pred(*previous, *i)'
Assertion failed on expression: 'pred(*previous, *i)'
Assertion failed on expression: 'pred(*previous, *i)'
Assertion failed on expression: 'pred(*previous, *i)'
Assertion failed on expression: 'pred(*previous, *i)'
Assertion failed on expression: 'pred(*previous, *i)'
Assertion failed on expression: 'pred(*previous, *i)'
Native extension for WindowsStandalone target not found
Mono: successfully reloaded assembly
- Finished resetting the current domain, in  0.732 seconds
Domain Reload Profiling: 1599ms
	BeginReloadAssembly (251ms)
		ExecutionOrderSort (0ms)
		DisableScriptedObjects (7ms)
		BackupInstance (0ms)
		ReleaseScriptingObjects (0ms)
		CreateAndSetChildDomain (65ms)
	RebuildCommonClasses (36ms)
	RebuildNativeTypeToScriptingClass (11ms)
	initialDomainReloadingComplete (38ms)
	LoadAllAssembliesAndSetupDomain (530ms)
		LoadAssemblies (450ms)
		RebuildTransferFunctionScriptingTraits (0ms)
		AnalyzeDomain (201ms)
			TypeCache.Refresh (16ms)
				TypeCache.ScanAssembly (0ms)
			BuildScriptInfoCaches (164ms)
			ResolveRequiredComponents (17ms)
	FinalizeReload (733ms)
		ReleaseScriptCaches (0ms)
		RebuildScriptCaches (0ms)
		SetupLoadedEditorAssemblies (539ms)
			LogAssemblyErrors (0ms)
			InitializePlatformSupportModulesInManaged (2ms)
			SetLoadedEditorAssemblies (6ms)
			BeforeProcessingInitializeOnLoad (108ms)
			ProcessInitializeOnLoadAttributes (348ms)
			ProcessInitializeOnLoadMethodAttributes (67ms)
			AfterProcessingInitializeOnLoad (7ms)
			EditorAssembliesLoaded (0ms)
		ExecutionOrderSort2 (0ms)
		AwakeInstancesAfterBackupRestoration (18ms)
Refreshing native plugins compatible for Editor in 2.09 ms, found 3 plugins.
Preloading 0 native plugins for Editor in 0.00 ms.
Unloading 27 Unused Serialized files (Serialized files now loaded: 0)
Unloading 6004 unused Assets / (5.2 MB). Loaded Objects now: 6808.
Memory consumption went from 171.0 MB to 165.8 MB.
Total: 14.839100 ms (FindLiveObjects: 1.282900 ms CreateObjectMapping: 0.581200 ms MarkObjects: 6.099300 ms  DeleteObjects: 6.873200 ms)

Prepare: number of updated asset objects reloaded= 0
========================================================================
Received Prepare
Begin MonoManager ReloadAssembly
- Loaded All Assemblies, in  0.766 seconds
Refreshing native plugins compatible for Editor in 1.05 ms, found 3 plugins.
Assertion failed on expression: 'pred(*previous, *i)'
Assertion failed on expression: 'pred(*previous, *i)'
Assertion failed on expression: 'pred(*previous, *i)'
Assertion failed on expression: 'pred(*previous, *i)'
Assertion failed on expression: 'pred(*previous, *i)'
Assertion failed on expression: 'pred(*previous, *i)'
Assertion failed on expression: 'pred(*previous, *i)'
Assertion failed on expression: 'pred(*previous, *i)'
Assertion failed on expression: 'pred(*previous, *i)'
Assertion failed on expression: 'pred(*previous, *i)'
Assertion failed on expression: 'pred(*previous, *i)'
Assertion failed on expression: 'pred(*previous, *i)'
Native extension for WindowsStandalone target not found
Mono: successfully reloaded assembly
- Finished resetting the current domain, in  0.730 seconds
Domain Reload Profiling: 1493ms
	BeginReloadAssembly (248ms)
		ExecutionOrderSort (0ms)
		DisableScriptedObjects (9ms)
		BackupInstance (0ms)
		ReleaseScriptingObjects (0ms)
		CreateAndSetChildDomain (59ms)
	RebuildCommonClasses (31ms)
	RebuildNativeTypeToScriptingClass (10ms)
	initialDomainReloadingComplete (29ms)
	LoadAllAssembliesAndSetupDomain (445ms)
		LoadAssemblies (404ms)
		RebuildTransferFunctionScriptingTraits (0ms)
		AnalyzeDomain (167ms)
			TypeCache.Refresh (14ms)
				TypeCache.ScanAssembly (1ms)
			BuildScriptInfoCaches (140ms)
			ResolveRequiredComponents (10ms)
	FinalizeReload (730ms)
		ReleaseScriptCaches (0ms)
		RebuildScriptCaches (0ms)
		SetupLoadedEditorAssemblies (539ms)
			LogAssemblyErrors (0ms)
			InitializePlatformSupportModulesInManaged (4ms)
			SetLoadedEditorAssemblies (7ms)
			BeforeProcessingInitializeOnLoad (119ms)
			ProcessInitializeOnLoadAttributes (359ms)
			ProcessInitializeOnLoadMethodAttributes (45ms)
			AfterProcessingInitializeOnLoad (5ms)
			EditorAssembliesLoaded (0ms)
		ExecutionOrderSort2 (0ms)
		AwakeInstancesAfterBackupRestoration (13ms)
Refreshing native plugins compatible for Editor in 3.13 ms, found 3 plugins.
Preloading 0 native plugins for Editor in 0.00 ms.
Unloading 27 Unused Serialized files (Serialized files now loaded: 0)
Unloading 6004 unused Assets / (5.8 MB). Loaded Objects now: 6810.
Memory consumption went from 171.0 MB to 165.2 MB.
Total: 16.140800 ms (FindLiveObjects: 1.150300 ms CreateObjectMapping: 0.809700 ms MarkObjects: 7.917800 ms  DeleteObjects: 6.260500 ms)

Prepare: number of updated asset objects reloaded= 0
========================================================================
Received Prepare
Begin MonoManager ReloadAssembly
- Loaded All Assemblies, in  0.691 seconds
Refreshing native plugins compatible for Editor in 1.86 ms, found 3 plugins.
Assertion failed on expression: 'pred(*previous, *i)'
Assertion failed on expression: 'pred(*previous, *i)'
Assertion failed on expression: 'pred(*previous, *i)'
Assertion failed on expression: 'pred(*previous, *i)'
Assertion failed on expression: 'pred(*previous, *i)'
Assertion failed on expression: 'pred(*previous, *i)'
Assertion failed on expression: 'pred(*previous, *i)'
Assertion failed on expression: 'pred(*previous, *i)'
Assertion failed on expression: 'pred(*previous, *i)'
Assertion failed on expression: 'pred(*previous, *i)'
Assertion failed on expression: 'pred(*previous, *i)'
Assertion failed on expression: 'pred(*previous, *i)'
Native extension for WindowsStandalone target not found
Mono: successfully reloaded assembly
- Finished resetting the current domain, in  0.682 seconds
Domain Reload Profiling: 1372ms
	BeginReloadAssembly (192ms)
		ExecutionOrderSort (0ms)
		DisableScriptedObjects (6ms)
		BackupInstance (0ms)
		ReleaseScriptingObjects (0ms)
		CreateAndSetChildDomain (48ms)
	RebuildCommonClasses (30ms)
	RebuildNativeTypeToScriptingClass (10ms)
	initialDomainReloadingComplete (30ms)
	LoadAllAssembliesAndSetupDomain (428ms)
		LoadAssemblies (360ms)
		RebuildTransferFunctionScriptingTraits (0ms)
		AnalyzeDomain (163ms)
			TypeCache.Refresh (10ms)
				TypeCache.ScanAssembly (0ms)
			BuildScriptInfoCaches (141ms)
			ResolveRequiredComponents (9ms)
	FinalizeReload (682ms)
		ReleaseScriptCaches (0ms)
		RebuildScriptCaches (0ms)
		SetupLoadedEditorAssemblies (496ms)
			LogAssemblyErrors (0ms)
			InitializePlatformSupportModulesInManaged (2ms)
			SetLoadedEditorAssemblies (6ms)
			BeforeProcessingInitializeOnLoad (102ms)
			ProcessInitializeOnLoadAttributes (318ms)
			ProcessInitializeOnLoadMethodAttributes (60ms)
			AfterProcessingInitializeOnLoad (6ms)
			EditorAssembliesLoaded (1ms)
		ExecutionOrderSort2 (0ms)
		AwakeInstancesAfterBackupRestoration (16ms)
Refreshing native plugins compatible for Editor in 1.41 ms, found 3 plugins.
Preloading 0 native plugins for Editor in 0.00 ms.
Unloading 27 Unused Serialized files (Serialized files now loaded: 0)
Unloading 6004 unused Assets / (5.2 MB). Loaded Objects now: 6812.
Memory consumption went from 171.0 MB to 165.8 MB.
Total: 14.008100 ms (FindLiveObjects: 0.991200 ms CreateObjectMapping: 0.707600 ms MarkObjects: 5.665800 ms  DeleteObjects: 6.641800 ms)

Prepare: number of updated asset objects reloaded= 0
========================================================================
Received Prepare
Begin MonoManager ReloadAssembly
- Loaded All Assemblies, in  0.689 seconds
Refreshing native plugins compatible for Editor in 1.09 ms, found 3 plugins.
Assertion failed on expression: 'pred(*previous, *i)'
Assertion failed on expression: 'pred(*previous, *i)'
Assertion failed on expression: 'pred(*previous, *i)'
Assertion failed on expression: 'pred(*previous, *i)'
Assertion failed on expression: 'pred(*previous, *i)'
Assertion failed on expression: 'pred(*previous, *i)'
Assertion failed on expression: 'pred(*previous, *i)'
Assertion failed on expression: 'pred(*previous, *i)'
Assertion failed on expression: 'pred(*previous, *i)'
Assertion failed on expression: 'pred(*previous, *i)'
Assertion failed on expression: 'pred(*previous, *i)'
Assertion failed on expression: 'pred(*previous, *i)'
Native extension for WindowsStandalone target not found
Mono: successfully reloaded assembly
- Finished resetting the current domain, in  0.678 seconds
Domain Reload Profiling: 1365ms
	BeginReloadAssembly (195ms)
		ExecutionOrderSort (0ms)
		DisableScriptedObjects (6ms)
		BackupInstance (0ms)
		ReleaseScriptingObjects (0ms)
		CreateAndSetChildDomain (47ms)
	RebuildCommonClasses (32ms)
	RebuildNativeTypeToScriptingClass (11ms)
	initialDomainReloadingComplete (28ms)
	LoadAllAssembliesAndSetupDomain (421ms)
		LoadAssemblies (343ms)
		RebuildTransferFunctionScriptingTraits (0ms)
		AnalyzeDomain (177ms)
			TypeCache.Refresh (8ms)
				TypeCache.ScanAssembly (0ms)
			BuildScriptInfoCaches (157ms)
			ResolveRequiredComponents (9ms)
	FinalizeReload (678ms)
		ReleaseScriptCaches (0ms)
		RebuildScriptCaches (0ms)
		SetupLoadedEditorAssemblies (501ms)
			LogAssemblyErrors (0ms)
			InitializePlatformSupportModulesInManaged (2ms)
			SetLoadedEditorAssemblies (5ms)
			BeforeProcessingInitializeOnLoad (108ms)
			ProcessInitializeOnLoadAttributes (318ms)
			ProcessInitializeOnLoadMethodAttributes (61ms)
			AfterProcessingInitializeOnLoad (6ms)
			EditorAssembliesLoaded (0ms)
		ExecutionOrderSort2 (0ms)
		AwakeInstancesAfterBackupRestoration (15ms)
Refreshing native plugins compatible for Editor in 2.86 ms, found 3 plugins.
Preloading 0 native plugins for Editor in 0.00 ms.
Unloading 27 Unused Serialized files (Serialized files now loaded: 0)
Unloading 6004 unused Assets / (5.9 MB). Loaded Objects now: 6814.
Memory consumption went from 171.0 MB to 165.0 MB.
Total: 23.539500 ms (FindLiveObjects: 0.991100 ms CreateObjectMapping: 1.854000 ms MarkObjects: 8.993300 ms  DeleteObjects: 11.697900 ms)

Prepare: number of updated asset objects reloaded= 0
========================================================================
Received Prepare
Begin MonoManager ReloadAssembly
- Loaded All Assemblies, in  0.923 seconds
Refreshing native plugins compatible for Editor in 2.03 ms, found 3 plugins.
Assertion failed on expression: 'pred(*previous, *i)'
Assertion failed on expression: 'pred(*previous, *i)'
Assertion failed on expression: 'pred(*previous, *i)'
Assertion failed on expression: 'pred(*previous, *i)'
Assertion failed on expression: 'pred(*previous, *i)'
Assertion failed on expression: 'pred(*previous, *i)'
Assertion failed on expression: 'pred(*previous, *i)'
Assertion failed on expression: 'pred(*previous, *i)'
Assertion failed on expression: 'pred(*previous, *i)'
Assertion failed on expression: 'pred(*previous, *i)'
Assertion failed on expression: 'pred(*previous, *i)'
Assertion failed on expression: 'pred(*previous, *i)'
Native extension for WindowsStandalone target not found
Mono: successfully reloaded assembly
- Finished resetting the current domain, in  0.629 seconds
Domain Reload Profiling: 1548ms
	BeginReloadAssembly (263ms)
		ExecutionOrderSort (0ms)
		DisableScriptedObjects (9ms)
		BackupInstance (0ms)
		ReleaseScriptingObjects (0ms)
		CreateAndSetChildDomain (55ms)
	RebuildCommonClasses (51ms)
	RebuildNativeTypeToScriptingClass (11ms)
	initialDomainReloadingComplete (34ms)
	LoadAllAssembliesAndSetupDomain (561ms)
		LoadAssemblies (508ms)
		RebuildTransferFunctionScriptingTraits (0ms)
		AnalyzeDomain (192ms)
			TypeCache.Refresh (13ms)
				TypeCache.ScanAssembly (1ms)
			BuildScriptInfoCaches (166ms)
			ResolveRequiredComponents (9ms)
	FinalizeReload (629ms)
		ReleaseScriptCaches (0ms)
		RebuildScriptCaches (0ms)
		SetupLoadedEditorAssemblies (445ms)
			LogAssemblyErrors (0ms)
			InitializePlatformSupportModulesInManaged (2ms)
			SetLoadedEditorAssemblies (5ms)
			BeforeProcessingInitializeOnLoad (94ms)
			ProcessInitializeOnLoadAttributes (292ms)
			ProcessInitializeOnLoadMethodAttributes (46ms)
			AfterProcessingInitializeOnLoad (5ms)
			EditorAssembliesLoaded (0ms)
		ExecutionOrderSort2 (0ms)
		AwakeInstancesAfterBackupRestoration (12ms)
Refreshing native plugins compatible for Editor in 1.98 ms, found 3 plugins.
Preloading 0 native plugins for Editor in 0.00 ms.
Unloading 27 Unused Serialized files (Serialized files now loaded: 0)
Unloading 6004 unused Assets / (5.7 MB). Loaded Objects now: 6816.
Memory consumption went from 171.0 MB to 165.3 MB.
Total: 14.538500 ms (FindLiveObjects: 1.218200 ms CreateObjectMapping: 0.842000 ms MarkObjects: 6.610900 ms  DeleteObjects: 5.865200 ms)

Prepare: number of updated asset objects reloaded= 0
========================================================================
Received Prepare
Begin MonoManager ReloadAssembly
- Loaded All Assemblies, in  0.754 seconds
Refreshing native plugins compatible for Editor in 1.26 ms, found 3 plugins.
Assertion failed on expression: 'pred(*previous, *i)'
Assertion failed on expression: 'pred(*previous, *i)'
Assertion failed on expression: 'pred(*previous, *i)'
Assertion failed on expression: 'pred(*previous, *i)'
Assertion failed on expression: 'pred(*previous, *i)'
Assertion failed on expression: 'pred(*previous, *i)'
Assertion failed on expression: 'pred(*previous, *i)'
Assertion failed on expression: 'pred(*previous, *i)'
Assertion failed on expression: 'pred(*previous, *i)'
Assertion failed on expression: 'pred(*previous, *i)'
Assertion failed on expression: 'pred(*previous, *i)'
Assertion failed on expression: 'pred(*previous, *i)'
Native extension for WindowsStandalone target not found
Mono: successfully reloaded assembly
- Finished resetting the current domain, in  0.746 seconds
Domain Reload Profiling: 1500ms
	BeginReloadAssembly (200ms)
		ExecutionOrderSort (0ms)
		DisableScriptedObjects (6ms)
		BackupInstance (0ms)
		ReleaseScriptingObjects (0ms)
		CreateAndSetChildDomain (57ms)
	RebuildCommonClasses (34ms)
	RebuildNativeTypeToScriptingClass (10ms)
	initialDomainReloadingComplete (30ms)
	LoadAllAssembliesAndSetupDomain (480ms)
		LoadAssemblies (400ms)
		RebuildTransferFunctionScriptingTraits (0ms)
		AnalyzeDomain (172ms)
			TypeCache.Refresh (9ms)
				TypeCache.ScanAssembly (0ms)
			BuildScriptInfoCaches (150ms)
			ResolveRequiredComponents (9ms)
	FinalizeReload (746ms)
		ReleaseScriptCaches (0ms)
		RebuildScriptCaches (0ms)
		SetupLoadedEditorAssemblies (537ms)
			LogAssemblyErrors (0ms)
			InitializePlatformSupportModulesInManaged (3ms)
			SetLoadedEditorAssemblies (6ms)
			BeforeProcessingInitializeOnLoad (123ms)
			ProcessInitializeOnLoadAttributes (329ms)
			ProcessInitializeOnLoadMethodAttributes (68ms)
			AfterProcessingInitializeOnLoad (7ms)
			EditorAssembliesLoaded (1ms)
		ExecutionOrderSort2 (0ms)
		AwakeInstancesAfterBackupRestoration (16ms)
Refreshing native plugins compatible for Editor in 1.74 ms, found 3 plugins.
Preloading 0 native plugins for Editor in 0.00 ms.
Unloading 27 Unused Serialized files (Serialized files now loaded: 0)
Unloading 6004 unused Assets / (5.1 MB). Loaded Objects now: 6818.
Memory consumption went from 171.0 MB to 165.8 MB.
Total: 11.570400 ms (FindLiveObjects: 0.721000 ms CreateObjectMapping: 1.353700 ms MarkObjects: 4.877800 ms  DeleteObjects: 4.616500 ms)

Prepare: number of updated asset objects reloaded= 0
========================================================================
Received Prepare
Begin MonoManager ReloadAssembly
- Loaded All Assemblies, in  0.948 seconds
Refreshing native plugins compatible for Editor in 1.67 ms, found 3 plugins.
Assertion failed on expression: 'pred(*previous, *i)'
Assertion failed on expression: 'pred(*previous, *i)'
Assertion failed on expression: 'pred(*previous, *i)'
Assertion failed on expression: 'pred(*previous, *i)'
Assertion failed on expression: 'pred(*previous, *i)'
Assertion failed on expression: 'pred(*previous, *i)'
Assertion failed on expression: 'pred(*previous, *i)'
Assertion failed on expression: 'pred(*previous, *i)'
Assertion failed on expression: 'pred(*previous, *i)'
Assertion failed on expression: 'pred(*previous, *i)'
Assertion failed on expression: 'pred(*previous, *i)'
Assertion failed on expression: 'pred(*previous, *i)'
Native extension for WindowsStandalone target not found
Mono: successfully reloaded assembly
- Finished resetting the current domain, in  0.625 seconds
Domain Reload Profiling: 1570ms
	BeginReloadAssembly (248ms)
		ExecutionOrderSort (0ms)
		DisableScriptedObjects (9ms)
		BackupInstance (0ms)
		ReleaseScriptingObjects (0ms)
		CreateAndSetChildDomain (54ms)
	RebuildCommonClasses (32ms)
	RebuildNativeTypeToScriptingClass (10ms)
	initialDomainReloadingComplete (29ms)
	LoadAllAssembliesAndSetupDomain (625ms)
		LoadAssemblies (476ms)
		RebuildTransferFunctionScriptingTraits (0ms)
		AnalyzeDomain (270ms)
			TypeCache.Refresh (15ms)
				TypeCache.ScanAssembly (1ms)
			BuildScriptInfoCaches (234ms)
			ResolveRequiredComponents (18ms)
	FinalizeReload (625ms)
		ReleaseScriptCaches (0ms)
		RebuildScriptCaches (0ms)
		SetupLoadedEditorAssemblies (454ms)
			LogAssemblyErrors (0ms)
			InitializePlatformSupportModulesInManaged (3ms)
			SetLoadedEditorAssemblies (5ms)
			BeforeProcessingInitializeOnLoad (95ms)
			ProcessInitializeOnLoadAttributes (296ms)
			ProcessInitializeOnLoadMethodAttributes (49ms)
			AfterProcessingInitializeOnLoad (5ms)
			EditorAssembliesLoaded (0ms)
		ExecutionOrderSort2 (0ms)
		AwakeInstancesAfterBackupRestoration (13ms)
Refreshing native plugins compatible for Editor in 1.29 ms, found 3 plugins.
Preloading 0 native plugins for Editor in 0.00 ms.
Unloading 27 Unused Serialized files (Serialized files now loaded: 0)
Unloading 6004 unused Assets / (5.6 MB). Loaded Objects now: 6820.
Memory consumption went from 171.0 MB to 165.4 MB.
Total: 9.042400 ms (FindLiveObjects: 0.671700 ms CreateObjectMapping: 0.505300 ms MarkObjects: 4.318100 ms  DeleteObjects: 3.545600 ms)

Prepare: number of updated asset objects reloaded= 0
========================================================================
Received Prepare
Begin MonoManager ReloadAssembly
- Loaded All Assemblies, in  0.715 seconds
Refreshing native plugins compatible for Editor in 1.03 ms, found 3 plugins.
Assertion failed on expression: 'pred(*previous, *i)'
Assertion failed on expression: 'pred(*previous, *i)'
Assertion failed on expression: 'pred(*previous, *i)'
Assertion failed on expression: 'pred(*previous, *i)'
Assertion failed on expression: 'pred(*previous, *i)'
Assertion failed on expression: 'pred(*previous, *i)'
Assertion failed on expression: 'pred(*previous, *i)'
Assertion failed on expression: 'pred(*previous, *i)'
Assertion failed on expression: 'pred(*previous, *i)'
Assertion failed on expression: 'pred(*previous, *i)'
Assertion failed on expression: 'pred(*previous, *i)'
Assertion failed on expression: 'pred(*previous, *i)'
Native extension for WindowsStandalone target not found
Mono: successfully reloaded assembly
- Finished resetting the current domain, in  0.657 seconds
Domain Reload Profiling: 1371ms
	BeginReloadAssembly (206ms)
		ExecutionOrderSort (0ms)
		DisableScriptedObjects (6ms)
		BackupInstance (0ms)
		ReleaseScriptingObjects (1ms)
		CreateAndSetChildDomain (50ms)
	RebuildCommonClasses (34ms)
	RebuildNativeTypeToScriptingClass (11ms)
	initialDomainReloadingComplete (26ms)
	LoadAllAssembliesAndSetupDomain (437ms)
		LoadAssemblies (366ms)
		RebuildTransferFunctionScriptingTraits (0ms)
		AnalyzeDomain (177ms)
			TypeCache.Refresh (10ms)
				TypeCache.ScanAssembly (0ms)
			BuildScriptInfoCaches (156ms)
			ResolveRequiredComponents (9ms)
	FinalizeReload (657ms)
		ReleaseScriptCaches (0ms)
		RebuildScriptCaches (0ms)
		SetupLoadedEditorAssemblies (485ms)
			LogAssemblyErrors (0ms)
			InitializePlatformSupportModulesInManaged (2ms)
			SetLoadedEditorAssemblies (5ms)
			BeforeProcessingInitializeOnLoad (101ms)
			ProcessInitializeOnLoadAttributes (308ms)
			ProcessInitializeOnLoadMethodAttributes (62ms)
			AfterProcessingInitializeOnLoad (7ms)
			EditorAssembliesLoaded (1ms)
		ExecutionOrderSort2 (0ms)
		AwakeInstancesAfterBackupRestoration (16ms)
Refreshing native plugins compatible for Editor in 1.79 ms, found 3 plugins.
Preloading 0 native plugins for Editor in 0.00 ms.
Unloading 27 Unused Serialized files (Serialized files now loaded: 0)
Unloading 6004 unused Assets / (6.8 MB). Loaded Objects now: 6822.
Memory consumption went from 171.0 MB to 164.2 MB.
Total: 14.331400 ms (FindLiveObjects: 0.720200 ms CreateObjectMapping: 0.641800 ms MarkObjects: 6.156300 ms  DeleteObjects: 6.811600 ms)

Prepare: number of updated asset objects reloaded= 0
========================================================================
Received Prepare
Begin MonoManager ReloadAssembly
- Loaded All Assemblies, in  0.924 seconds
Refreshing native plugins compatible for Editor in 1.06 ms, found 3 plugins.
Assertion failed on expression: 'pred(*previous, *i)'
Assertion failed on expression: 'pred(*previous, *i)'
Assertion failed on expression: 'pred(*previous, *i)'
Assertion failed on expression: 'pred(*previous, *i)'
Assertion failed on expression: 'pred(*previous, *i)'
Assertion failed on expression: 'pred(*previous, *i)'
Assertion failed on expression: 'pred(*previous, *i)'
Assertion failed on expression: 'pred(*previous, *i)'
Assertion failed on expression: 'pred(*previous, *i)'
Assertion failed on expression: 'pred(*previous, *i)'
Assertion failed on expression: 'pred(*previous, *i)'
Assertion failed on expression: 'pred(*previous, *i)'
Native extension for WindowsStandalone target not found
Mono: successfully reloaded assembly
- Finished resetting the current domain, in  0.687 seconds
Domain Reload Profiling: 1610ms
	BeginReloadAssembly (287ms)
		ExecutionOrderSort (0ms)
		DisableScriptedObjects (11ms)
		BackupInstance (0ms)
		ReleaseScriptingObjects (0ms)
		CreateAndSetChildDomain (66ms)
	RebuildCommonClasses (44ms)
	RebuildNativeTypeToScriptingClass (12ms)
	initialDomainReloadingComplete (39ms)
	LoadAllAssembliesAndSetupDomain (541ms)
		LoadAssemblies (457ms)
		RebuildTransferFunctionScriptingTraits (0ms)
		AnalyzeDomain (232ms)
			TypeCache.Refresh (14ms)
				TypeCache.ScanAssembly (1ms)
			BuildScriptInfoCaches (203ms)
			ResolveRequiredComponents (11ms)
	FinalizeReload (688ms)
		ReleaseScriptCaches (0ms)
		RebuildScriptCaches (0ms)
		SetupLoadedEditorAssemblies (483ms)
			LogAssemblyErrors (0ms)
			InitializePlatformSupportModulesInManaged (2ms)
			SetLoadedEditorAssemblies (6ms)
			BeforeProcessingInitializeOnLoad (120ms)
			ProcessInitializeOnLoadAttributes (299ms)
			ProcessInitializeOnLoadMethodAttributes (49ms)
			AfterProcessingInitializeOnLoad (6ms)
			EditorAssembliesLoaded (1ms)
		ExecutionOrderSort2 (0ms)
		AwakeInstancesAfterBackupRestoration (14ms)
Refreshing native plugins compatible for Editor in 1.19 ms, found 3 plugins.
Preloading 0 native plugins for Editor in 0.00 ms.
Unloading 27 Unused Serialized files (Serialized files now loaded: 0)
Unloading 6004 unused Assets / (5.2 MB). Loaded Objects now: 6824.
Memory consumption went from 171.0 MB to 165.8 MB.
Total: 9.122400 ms (FindLiveObjects: 1.006900 ms CreateObjectMapping: 0.452400 ms MarkObjects: 3.770100 ms  DeleteObjects: 3.892000 ms)

Prepare: number of updated asset objects reloaded= 0
========================================================================
Received Import Request.
  Time since last request: 379.792266 seconds.
  path: Assets/3D/prefabs/throwables/bouncyBullet.prefab
  artifactKey: Guid(934076215d05c0f4fa4329046b386c33) Importer(815301076,1909f56bfc062723c751e8b465ee728b)
Start importing Assets/3D/prefabs/throwables/bouncyBullet.prefab using Guid(934076215d05c0f4fa4329046b386c33) Importer(815301076,1909f56bfc062723c751e8b465ee728b) (PreviewImporter) -> (artifact id: 'a7c926315c9b56908aeee1c4f83f60d3') in 0.7139891 seconds
Number of updated asset objects reloaded before import = 0Number of asset objects unloaded after import = 73

========================================================================
Received Import Request.
  Time since last request: 0.000050 seconds.
  path: Assets/3D/prefabs/throwables/explosion.prefab
  artifactKey: Guid(b8eeeac37f9539d4481409dc367cabb2) Importer(815301076,1909f56bfc062723c751e8b465ee728b)
Start importing Assets/3D/prefabs/throwables/explosion.prefab using Guid(b8eeeac37f9539d4481409dc367cabb2) Importer(815301076,1909f56bfc062723c751e8b465ee728b) (PreviewImporter) -> (artifact id: '49604e53a20a32b51c346da52a037274') in 0.0440968 seconds
Number of updated asset objects reloaded before import = 0Number of asset objects unloaded after import = 73

========================================================================
Received Import Request.
  Time since last request: 1.304980 seconds.
  path: Assets/3D/prefabs/player.prefab
  artifactKey: Guid(a9d9d122d25a35e428164c59ec6171e7) Importer(815301076,1909f56bfc062723c751e8b465ee728b)
Start importing Assets/3D/prefabs/player.prefab using Guid(a9d9d122d25a35e428164c59ec6171e7) Importer(815301076,1909f56bfc062723c751e8b465ee728b) (PreviewImporter) -> (artifact id: 'fb92d11f606ec1bee5b88cb64ae01d0a') in 0.0387131 seconds
Number of updated asset objects reloaded before import = 0Number of asset objects unloaded after import = 65

========================================================================
Received Prepare
Begin MonoManager ReloadAssembly
- Loaded All Assemblies, in  1.013 seconds
Refreshing native plugins compatible for Editor in 1.24 ms, found 3 plugins.
Assertion failed on expression: 'pred(*previous, *i)'
Assertion failed on expression: 'pred(*previous, *i)'
Assertion failed on expression: 'pred(*previous, *i)'
Assertion failed on expression: 'pred(*previous, *i)'
Assertion failed on expression: 'pred(*previous, *i)'
Assertion failed on expression: 'pred(*previous, *i)'
Assertion failed on expression: 'pred(*previous, *i)'
Assertion failed on expression: 'pred(*previous, *i)'
Assertion failed on expression: 'pred(*previous, *i)'
Assertion failed on expression: 'pred(*previous, *i)'
Assertion failed on expression: 'pred(*previous, *i)'
Assertion failed on expression: 'pred(*previous, *i)'
Native extension for WindowsStandalone target not found
Mono: successfully reloaded assembly
- Finished resetting the current domain, in  0.641 seconds
Domain Reload Profiling: 1645ms
	BeginReloadAssembly (336ms)
		ExecutionOrderSort (0ms)
		DisableScriptedObjects (33ms)
		BackupInstance (0ms)
		ReleaseScriptingObjects (0ms)
		CreateAndSetChildDomain (88ms)
	RebuildCommonClasses (57ms)
	RebuildNativeTypeToScriptingClass (20ms)
	initialDomainReloadingComplete (43ms)
	LoadAllAssembliesAndSetupDomain (550ms)
		LoadAssemblies (527ms)
		RebuildTransferFunctionScriptingTraits (0ms)
		AnalyzeDomain (182ms)
			TypeCache.Refresh (13ms)
				TypeCache.ScanAssembly (1ms)
			BuildScriptInfoCaches (156ms)
			ResolveRequiredComponents (10ms)
	FinalizeReload (641ms)
		ReleaseScriptCaches (0ms)
		RebuildScriptCaches (0ms)
		SetupLoadedEditorAssemblies (465ms)
			LogAssemblyErrors (0ms)
			InitializePlatformSupportModulesInManaged (2ms)
			SetLoadedEditorAssemblies (5ms)
			BeforeProcessingInitializeOnLoad (102ms)
			ProcessInitializeOnLoadAttributes (307ms)
			ProcessInitializeOnLoadMethodAttributes (44ms)
			AfterProcessingInitializeOnLoad (5ms)
			EditorAssembliesLoaded (0ms)
		ExecutionOrderSort2 (0ms)
		AwakeInstancesAfterBackupRestoration (14ms)
Refreshing native plugins compatible for Editor in 1.17 ms, found 3 plugins.
Preloading 0 native plugins for Editor in 0.00 ms.
Unloading 27 Unused Serialized files (Serialized files now loaded: 0)
Unloading 6006 unused Assets / (5.2 MB). Loaded Objects now: 6846.
Memory consumption went from 175.3 MB to 170.1 MB.
Total: 8.199300 ms (FindLiveObjects: 0.621900 ms CreateObjectMapping: 0.489100 ms MarkObjects: 3.923400 ms  DeleteObjects: 3.163800 ms)

Prepare: number of updated asset objects reloaded= 0
========================================================================
Received Import Request.
  Time since last request: 185.801206 seconds.
  path: Assets/3D/3D_test.unity
  artifactKey: Guid(9fde10bd1020c6748ba397c9e36a4c96) Importer(815301076,1909f56bfc062723c751e8b465ee728b)
Start importing Assets/3D/3D_test.unity using Guid(9fde10bd1020c6748ba397c9e36a4c96) Importer(815301076,1909f56bfc062723c751e8b465ee728b) (PreviewImporter) -> (artifact id: '44ecbe0b446d500da259829c9a2306af') in 0.0117859 seconds
Number of updated asset objects reloaded before import = 0Number of asset objects unloaded after import = 0

========================================================================
Received Prepare
Begin MonoManager ReloadAssembly
- Loaded All Assemblies, in  0.705 seconds
Refreshing native plugins compatible for Editor in 1.57 ms, found 3 plugins.
Assertion failed on expression: 'pred(*previous, *i)'
Assertion failed on expression: 'pred(*previous, *i)'
Assertion failed on expression: 'pred(*previous, *i)'
Assertion failed on expression: 'pred(*previous, *i)'
Assertion failed on expression: 'pred(*previous, *i)'
Assertion failed on expression: 'pred(*previous, *i)'
Assertion failed on expression: 'pred(*previous, *i)'
Assertion failed on expression: 'pred(*previous, *i)'
Assertion failed on expression: 'pred(*previous, *i)'
Assertion failed on expression: 'pred(*previous, *i)'
Assertion failed on expression: 'pred(*previous, *i)'
Assertion failed on expression: 'pred(*previous, *i)'
Native extension for WindowsStandalone target not found
Mono: successfully reloaded assembly
- Finished resetting the current domain, in  0.746 seconds
Domain Reload Profiling: 1450ms
	BeginReloadAssembly (214ms)
		ExecutionOrderSort (0ms)
		DisableScriptedObjects (6ms)
		BackupInstance (0ms)
		ReleaseScriptingObjects (0ms)
		CreateAndSetChildDomain (68ms)
	RebuildCommonClasses (34ms)
	RebuildNativeTypeToScriptingClass (11ms)
	initialDomainReloadingComplete (27ms)
	LoadAllAssembliesAndSetupDomain (417ms)
		LoadAssemblies (351ms)
		RebuildTransferFunctionScriptingTraits (0ms)
		AnalyzeDomain (161ms)
			TypeCache.Refresh (8ms)
				TypeCache.ScanAssembly (0ms)
			BuildScriptInfoCaches (138ms)
			ResolveRequiredComponents (12ms)
	FinalizeReload (747ms)
		ReleaseScriptCaches (0ms)
		RebuildScriptCaches (0ms)
		SetupLoadedEditorAssemblies (562ms)
			LogAssemblyErrors (0ms)
			InitializePlatformSupportModulesInManaged (2ms)
			SetLoadedEditorAssemblies (6ms)
			BeforeProcessingInitializeOnLoad (100ms)
			ProcessInitializeOnLoadAttributes (385ms)
			ProcessInitializeOnLoadMethodAttributes (61ms)
			AfterProcessingInitializeOnLoad (7ms)
			EditorAssembliesLoaded (0ms)
		ExecutionOrderSort2 (0ms)
		AwakeInstancesAfterBackupRestoration (18ms)
Refreshing native plugins compatible for Editor in 3.74 ms, found 3 plugins.
Preloading 0 native plugins for Editor in 0.00 ms.
Unloading 27 Unused Serialized files (Serialized files now loaded: 0)
Unloading 6004 unused Assets / (6.2 MB). Loaded Objects now: 6848.
Memory consumption went from 175.2 MB to 169.0 MB.
Total: 21.255700 ms (FindLiveObjects: 1.263400 ms CreateObjectMapping: 2.167400 ms MarkObjects: 8.646100 ms  DeleteObjects: 9.175400 ms)

Prepare: number of updated asset objects reloaded= 0
========================================================================
Received Prepare
Begin MonoManager ReloadAssembly
- Loaded All Assemblies, in  0.715 seconds
Refreshing native plugins compatible for Editor in 0.98 ms, found 3 plugins.
Assertion failed on expression: 'pred(*previous, *i)'
Assertion failed on expression: 'pred(*previous, *i)'
Assertion failed on expression: 'pred(*previous, *i)'
Assertion failed on expression: 'pred(*previous, *i)'
Assertion failed on expression: 'pred(*previous, *i)'
Assertion failed on expression: 'pred(*previous, *i)'
Assertion failed on expression: 'pred(*previous, *i)'
Assertion failed on expression: 'pred(*previous, *i)'
Assertion failed on expression: 'pred(*previous, *i)'
Assertion failed on expression: 'pred(*previous, *i)'
Assertion failed on expression: 'pred(*previous, *i)'
Assertion failed on expression: 'pred(*previous, *i)'
Native extension for WindowsStandalone target not found
Mono: successfully reloaded assembly
- Finished resetting the current domain, in  0.677 seconds
Domain Reload Profiling: 1391ms
	BeginReloadAssembly (199ms)
		ExecutionOrderSort (0ms)
		DisableScriptedObjects (5ms)
		BackupInstance (0ms)
		ReleaseScriptingObjects (0ms)
		CreateAndSetChildDomain (54ms)
	RebuildCommonClasses (35ms)
	RebuildNativeTypeToScriptingClass (11ms)
	initialDomainReloadingComplete (26ms)
	LoadAllAssembliesAndSetupDomain (443ms)
		LoadAssemblies (368ms)
		RebuildTransferFunctionScriptingTraits (0ms)
		AnalyzeDomain (171ms)
			TypeCache.Refresh (10ms)
				TypeCache.ScanAssembly (0ms)
			BuildScriptInfoCaches (148ms)
			ResolveRequiredComponents (10ms)
	FinalizeReload (678ms)
		ReleaseScriptCaches (0ms)
		RebuildScriptCaches (0ms)
		SetupLoadedEditorAssemblies (489ms)
			LogAssemblyErrors (0ms)
			InitializePlatformSupportModulesInManaged (2ms)
			SetLoadedEditorAssemblies (4ms)
			BeforeProcessingInitializeOnLoad (93ms)
			ProcessInitializeOnLoadAttributes (320ms)
			ProcessInitializeOnLoadMethodAttributes (63ms)
			AfterProcessingInitializeOnLoad (7ms)
			EditorAssembliesLoaded (0ms)
		ExecutionOrderSort2 (0ms)
		AwakeInstancesAfterBackupRestoration (19ms)
Refreshing native plugins compatible for Editor in 1.32 ms, found 3 plugins.
Preloading 0 native plugins for Editor in 0.00 ms.
Unloading 27 Unused Serialized files (Serialized files now loaded: 0)
Unloading 6004 unused Assets / (5.5 MB). Loaded Objects now: 6850.
Memory consumption went from 175.2 MB to 169.7 MB.
Total: 14.254600 ms (FindLiveObjects: 0.705900 ms CreateObjectMapping: 0.725900 ms MarkObjects: 6.530300 ms  DeleteObjects: 6.290600 ms)

Prepare: number of updated asset objects reloaded= 0
========================================================================
Received Import Request.
  Time since last request: 243.106242 seconds.
  path: Assets/3D/prefabs/player.prefab
  artifactKey: Guid(a9d9d122d25a35e428164c59ec6171e7) Importer(815301076,1909f56bfc062723c751e8b465ee728b)
Start importing Assets/3D/prefabs/player.prefab using Guid(a9d9d122d25a35e428164c59ec6171e7) Importer(815301076,1909f56bfc062723c751e8b465ee728b) (PreviewImporter) -> (artifact id: '4ff2c270934cca4afd523f3639ce5346') in 0.4927109 seconds
Number of updated asset objects reloaded before import = 0Number of asset objects unloaded after import = 30

========================================================================
Received Prepare
Begin MonoManager ReloadAssembly
- Loaded All Assemblies, in  0.747 seconds
Refreshing native plugins compatible for Editor in 1.80 ms, found 3 plugins.
Assertion failed on expression: 'pred(*previous, *i)'
Assertion failed on expression: 'pred(*previous, *i)'
Assertion failed on expression: 'pred(*previous, *i)'
Assertion failed on expression: 'pred(*previous, *i)'
Assertion failed on expression: 'pred(*previous, *i)'
Assertion failed on expression: 'pred(*previous, *i)'
Assertion failed on expression: 'pred(*previous, *i)'
Assertion failed on expression: 'pred(*previous, *i)'
Assertion failed on expression: 'pred(*previous, *i)'
Assertion failed on expression: 'pred(*previous, *i)'
Assertion failed on expression: 'pred(*previous, *i)'
Assertion failed on expression: 'pred(*previous, *i)'
Native extension for WindowsStandalone target not found
Mono: successfully reloaded assembly
- Finished resetting the current domain, in  0.676 seconds
Domain Reload Profiling: 1425ms
	BeginReloadAssembly (242ms)
		ExecutionOrderSort (0ms)
		DisableScriptedObjects (25ms)
		BackupInstance (0ms)
		ReleaseScriptingObjects (0ms)
		CreateAndSetChildDomain (70ms)
	RebuildCommonClasses (36ms)
	RebuildNativeTypeToScriptingClass (10ms)
	initialDomainReloadingComplete (28ms)
	LoadAllAssembliesAndSetupDomain (432ms)
		LoadAssemblies (360ms)
		RebuildTransferFunctionScriptingTraits (0ms)
		AnalyzeDomain (171ms)
			TypeCache.Refresh (9ms)
				TypeCache.ScanAssembly (0ms)
			BuildScriptInfoCaches (145ms)
			ResolveRequiredComponents (12ms)
	FinalizeReload (677ms)
		ReleaseScriptCaches (0ms)
		RebuildScriptCaches (0ms)
		SetupLoadedEditorAssemblies (493ms)
			LogAssemblyErrors (0ms)
			InitializePlatformSupportModulesInManaged (2ms)
			SetLoadedEditorAssemblies (7ms)
			BeforeProcessingInitializeOnLoad (105ms)
			ProcessInitializeOnLoadAttributes (311ms)
			ProcessInitializeOnLoadMethodAttributes (62ms)
			AfterProcessingInitializeOnLoad (6ms)
			EditorAssembliesLoaded (0ms)
		ExecutionOrderSort2 (0ms)
		AwakeInstancesAfterBackupRestoration (15ms)
Refreshing native plugins compatible for Editor in 1.66 ms, found 3 plugins.
Preloading 0 native plugins for Editor in 0.00 ms.
Unloading 27 Unused Serialized files (Serialized files now loaded: 0)
Unloading 6006 unused Assets / (6.4 MB). Loaded Objects now: 6872.
Memory consumption went from 179.5 MB to 173.1 MB.
Total: 17.848700 ms (FindLiveObjects: 0.899800 ms CreateObjectMapping: 0.657200 ms MarkObjects: 6.418600 ms  DeleteObjects: 9.870300 ms)

Prepare: number of updated asset objects reloaded= 0
========================================================================
Received Prepare
Begin MonoManager ReloadAssembly
- Loaded All Assemblies, in  0.737 seconds
Refreshing native plugins compatible for Editor in 1.13 ms, found 3 plugins.
Assertion failed on expression: 'pred(*previous, *i)'
Assertion failed on expression: 'pred(*previous, *i)'
Assertion failed on expression: 'pred(*previous, *i)'
Assertion failed on expression: 'pred(*previous, *i)'
Assertion failed on expression: 'pred(*previous, *i)'
Assertion failed on expression: 'pred(*previous, *i)'
Assertion failed on expression: 'pred(*previous, *i)'
Assertion failed on expression: 'pred(*previous, *i)'
Assertion failed on expression: 'pred(*previous, *i)'
Assertion failed on expression: 'pred(*previous, *i)'
Assertion failed on expression: 'pred(*previous, *i)'
Assertion failed on expression: 'pred(*previous, *i)'
Native extension for WindowsStandalone target not found
Mono: successfully reloaded assembly
- Finished resetting the current domain, in  0.712 seconds
Domain Reload Profiling: 1448ms
	BeginReloadAssembly (230ms)
		ExecutionOrderSort (0ms)
		DisableScriptedObjects (7ms)
		BackupInstance (0ms)
		ReleaseScriptingObjects (0ms)
		CreateAndSetChildDomain (76ms)
	RebuildCommonClasses (35ms)
	RebuildNativeTypeToScriptingClass (10ms)
	initialDomainReloadingComplete (26ms)
	LoadAllAssembliesAndSetupDomain (434ms)
		LoadAssemblies (375ms)
		RebuildTransferFunctionScriptingTraits (0ms)
		AnalyzeDomain (162ms)
			TypeCache.Refresh (12ms)
				TypeCache.ScanAssembly (1ms)
			BuildScriptInfoCaches (136ms)
			ResolveRequiredComponents (9ms)
	FinalizeReload (713ms)
		ReleaseScriptCaches (0ms)
		RebuildScriptCaches (0ms)
		SetupLoadedEditorAssemblies (520ms)
			LogAssemblyErrors (0ms)
			InitializePlatformSupportModulesInManaged (2ms)
			SetLoadedEditorAssemblies (6ms)
			BeforeProcessingInitializeOnLoad (99ms)
			ProcessInitializeOnLoadAttributes (348ms)
			ProcessInitializeOnLoadMethodAttributes (60ms)
			AfterProcessingInitializeOnLoad (5ms)
			EditorAssembliesLoaded (0ms)
		ExecutionOrderSort2 (0ms)
		AwakeInstancesAfterBackupRestoration (18ms)
Refreshing native plugins compatible for Editor in 1.18 ms, found 3 plugins.
Preloading 0 native plugins for Editor in 0.00 ms.
Unloading 27 Unused Serialized files (Serialized files now loaded: 0)
Unloading 6004 unused Assets / (6.2 MB). Loaded Objects now: 6874.
Memory consumption went from 179.3 MB to 173.1 MB.
Total: 10.429500 ms (FindLiveObjects: 1.028300 ms CreateObjectMapping: 0.568500 ms MarkObjects: 4.772700 ms  DeleteObjects: 4.057800 ms)

Prepare: number of updated asset objects reloaded= 0
========================================================================
Received Prepare
Begin MonoManager ReloadAssembly
- Loaded All Assemblies, in  0.676 seconds
Refreshing native plugins compatible for Editor in 1.29 ms, found 3 plugins.
Assertion failed on expression: 'pred(*previous, *i)'
Assertion failed on expression: 'pred(*previous, *i)'
Assertion failed on expression: 'pred(*previous, *i)'
Assertion failed on expression: 'pred(*previous, *i)'
Assertion failed on expression: 'pred(*previous, *i)'
Assertion failed on expression: 'pred(*previous, *i)'
Assertion failed on expression: 'pred(*previous, *i)'
Assertion failed on expression: 'pred(*previous, *i)'
Assertion failed on expression: 'pred(*previous, *i)'
Assertion failed on expression: 'pred(*previous, *i)'
Assertion failed on expression: 'pred(*previous, *i)'
Assertion failed on expression: 'pred(*previous, *i)'
Native extension for WindowsStandalone target not found
Mono: successfully reloaded assembly
- Finished resetting the current domain, in  0.713 seconds
Domain Reload Profiling: 1388ms
	BeginReloadAssembly (197ms)
		ExecutionOrderSort (0ms)
		DisableScriptedObjects (6ms)
		BackupInstance (0ms)
		ReleaseScriptingObjects (0ms)
		CreateAndSetChildDomain (46ms)
	RebuildCommonClasses (34ms)
	RebuildNativeTypeToScriptingClass (10ms)
	initialDomainReloadingComplete (26ms)
	LoadAllAssembliesAndSetupDomain (409ms)
		LoadAssemblies (341ms)
		RebuildTransferFunctionScriptingTraits (0ms)
		AnalyzeDomain (163ms)
			TypeCache.Refresh (7ms)
				TypeCache.ScanAssembly (0ms)
			BuildScriptInfoCaches (144ms)
			ResolveRequiredComponents (9ms)
	FinalizeReload (713ms)
		ReleaseScriptCaches (0ms)
		RebuildScriptCaches (0ms)
		SetupLoadedEditorAssemblies (523ms)
			LogAssemblyErrors (0ms)
			InitializePlatformSupportModulesInManaged (2ms)
			SetLoadedEditorAssemblies (5ms)
			BeforeProcessingInitializeOnLoad (107ms)
			ProcessInitializeOnLoadAttributes (341ms)
			ProcessInitializeOnLoadMethodAttributes (61ms)
			AfterProcessingInitializeOnLoad (7ms)
			EditorAssembliesLoaded (0ms)
		ExecutionOrderSort2 (0ms)
		AwakeInstancesAfterBackupRestoration (18ms)
Refreshing native plugins compatible for Editor in 1.55 ms, found 3 plugins.
Preloading 0 native plugins for Editor in 0.00 ms.
Unloading 27 Unused Serialized files (Serialized files now loaded: 0)
Unloading 6004 unused Assets / (5.4 MB). Loaded Objects now: 6876.
Memory consumption went from 179.3 MB to 173.9 MB.
Total: 11.761300 ms (FindLiveObjects: 0.648600 ms CreateObjectMapping: 0.690500 ms MarkObjects: 5.814900 ms  DeleteObjects: 4.605700 ms)

Prepare: number of updated asset objects reloaded= 0
========================================================================
Received Prepare
Begin MonoManager ReloadAssembly
- Loaded All Assemblies, in  0.773 seconds
Refreshing native plugins compatible for Editor in 1.15 ms, found 3 plugins.
Assertion failed on expression: 'pred(*previous, *i)'
Assertion failed on expression: 'pred(*previous, *i)'
Assertion failed on expression: 'pred(*previous, *i)'
Assertion failed on expression: 'pred(*previous, *i)'
Assertion failed on expression: 'pred(*previous, *i)'
Assertion failed on expression: 'pred(*previous, *i)'
Assertion failed on expression: 'pred(*previous, *i)'
Assertion failed on expression: 'pred(*previous, *i)'
Assertion failed on expression: 'pred(*previous, *i)'
Assertion failed on expression: 'pred(*previous, *i)'
Assertion failed on expression: 'pred(*previous, *i)'
Assertion failed on expression: 'pred(*previous, *i)'
Native extension for WindowsStandalone target not found
Mono: successfully reloaded assembly
- Finished resetting the current domain, in  0.721 seconds
Domain Reload Profiling: 1493ms
	BeginReloadAssembly (220ms)
		ExecutionOrderSort (0ms)
		DisableScriptedObjects (6ms)
		BackupInstance (0ms)
		ReleaseScriptingObjects (0ms)
		CreateAndSetChildDomain (51ms)
	RebuildCommonClasses (38ms)
	RebuildNativeTypeToScriptingClass (11ms)
	initialDomainReloadingComplete (35ms)
	LoadAllAssembliesAndSetupDomain (468ms)
		LoadAssemblies (413ms)
		RebuildTransferFunctionScriptingTraits (0ms)
		AnalyzeDomain (167ms)
			TypeCache.Refresh (10ms)
				TypeCache.ScanAssembly (1ms)
			BuildScriptInfoCaches (143ms)
			ResolveRequiredComponents (10ms)
	FinalizeReload (722ms)
		ReleaseScriptCaches (0ms)
		RebuildScriptCaches (0ms)
		SetupLoadedEditorAssemblies (516ms)
			LogAssemblyErrors (0ms)
			InitializePlatformSupportModulesInManaged (3ms)
			SetLoadedEditorAssemblies (6ms)
			BeforeProcessingInitializeOnLoad (118ms)
			ProcessInitializeOnLoadAttributes (332ms)
			ProcessInitializeOnLoadMethodAttributes (53ms)
			AfterProcessingInitializeOnLoad (5ms)
			EditorAssembliesLoaded (0ms)
		ExecutionOrderSort2 (0ms)
		AwakeInstancesAfterBackupRestoration (13ms)
Refreshing native plugins compatible for Editor in 3.16 ms, found 3 plugins.
Preloading 0 native plugins for Editor in 0.00 ms.
Unloading 27 Unused Serialized files (Serialized files now loaded: 0)
Unloading 6004 unused Assets / (6.2 MB). Loaded Objects now: 6878.
Memory consumption went from 179.3 MB to 173.2 MB.
Total: 17.187100 ms (FindLiveObjects: 1.884400 ms CreateObjectMapping: 1.861700 ms MarkObjects: 6.975100 ms  DeleteObjects: 6.463000 ms)

Prepare: number of updated asset objects reloaded= 0
========================================================================
Received Prepare
Begin MonoManager ReloadAssembly
- Loaded All Assemblies, in  0.736 seconds
Refreshing native plugins compatible for Editor in 1.13 ms, found 3 plugins.
Assertion failed on expression: 'pred(*previous, *i)'
Assertion failed on expression: 'pred(*previous, *i)'
Assertion failed on expression: 'pred(*previous, *i)'
Assertion failed on expression: 'pred(*previous, *i)'
Assertion failed on expression: 'pred(*previous, *i)'
Assertion failed on expression: 'pred(*previous, *i)'
Assertion failed on expression: 'pred(*previous, *i)'
Assertion failed on expression: 'pred(*previous, *i)'
Assertion failed on expression: 'pred(*previous, *i)'
Assertion failed on expression: 'pred(*previous, *i)'
Assertion failed on expression: 'pred(*previous, *i)'
Assertion failed on expression: 'pred(*previous, *i)'
Native extension for WindowsStandalone target not found
Mono: successfully reloaded assembly
- Finished resetting the current domain, in  0.706 seconds
Domain Reload Profiling: 1442ms
	BeginReloadAssembly (207ms)
		ExecutionOrderSort (0ms)
		DisableScriptedObjects (5ms)
		BackupInstance (0ms)
		ReleaseScriptingObjects (0ms)
		CreateAndSetChildDomain (54ms)
	RebuildCommonClasses (37ms)
	RebuildNativeTypeToScriptingClass (12ms)
	initialDomainReloadingComplete (28ms)
	LoadAllAssembliesAndSetupDomain (450ms)
		LoadAssemblies (363ms)
		RebuildTransferFunctionScriptingTraits (0ms)
		AnalyzeDomain (188ms)
			TypeCache.Refresh (9ms)
				TypeCache.ScanAssembly (0ms)
			BuildScriptInfoCaches (166ms)
			ResolveRequiredComponents (9ms)
	FinalizeReload (707ms)
		ReleaseScriptCaches (0ms)
		RebuildScriptCaches (0ms)
		SetupLoadedEditorAssemblies (523ms)
			LogAssemblyErrors (0ms)
			InitializePlatformSupportModulesInManaged (3ms)
			SetLoadedEditorAssemblies (5ms)
			BeforeProcessingInitializeOnLoad (102ms)
			ProcessInitializeOnLoadAttributes (339ms)
			ProcessInitializeOnLoadMethodAttributes (66ms)
			AfterProcessingInitializeOnLoad (7ms)
			EditorAssembliesLoaded (1ms)
		ExecutionOrderSort2 (0ms)
		AwakeInstancesAfterBackupRestoration (18ms)
Refreshing native plugins compatible for Editor in 1.53 ms, found 3 plugins.
Preloading 0 native plugins for Editor in 0.00 ms.
Unloading 27 Unused Serialized files (Serialized files now loaded: 0)
Unloading 6004 unused Assets / (5.9 MB). Loaded Objects now: 6880.
Memory consumption went from 179.4 MB to 173.5 MB.
Total: 13.552200 ms (FindLiveObjects: 1.320000 ms CreateObjectMapping: 0.615600 ms MarkObjects: 6.087400 ms  DeleteObjects: 5.527500 ms)

Prepare: number of updated asset objects reloaded= 0
========================================================================
Received Prepare
Begin MonoManager ReloadAssembly
- Loaded All Assemblies, in  0.742 seconds
Refreshing native plugins compatible for Editor in 1.08 ms, found 3 plugins.
Assertion failed on expression: 'pred(*previous, *i)'
Assertion failed on expression: 'pred(*previous, *i)'
Assertion failed on expression: 'pred(*previous, *i)'
Assertion failed on expression: 'pred(*previous, *i)'
Assertion failed on expression: 'pred(*previous, *i)'
Assertion failed on expression: 'pred(*previous, *i)'
Assertion failed on expression: 'pred(*previous, *i)'
Assertion failed on expression: 'pred(*previous, *i)'
Assertion failed on expression: 'pred(*previous, *i)'
Assertion failed on expression: 'pred(*previous, *i)'
Assertion failed on expression: 'pred(*previous, *i)'
Assertion failed on expression: 'pred(*previous, *i)'
Native extension for WindowsStandalone target not found
Mono: successfully reloaded assembly
- Finished resetting the current domain, in  0.670 seconds
Domain Reload Profiling: 1412ms
	BeginReloadAssembly (211ms)
		ExecutionOrderSort (0ms)
		DisableScriptedObjects (6ms)
		BackupInstance (0ms)
		ReleaseScriptingObjects (0ms)
		CreateAndSetChildDomain (60ms)
	RebuildCommonClasses (30ms)
	RebuildNativeTypeToScriptingClass (10ms)
	initialDomainReloadingComplete (27ms)
	LoadAllAssembliesAndSetupDomain (462ms)
		LoadAssemblies (387ms)
		RebuildTransferFunctionScriptingTraits (0ms)
		AnalyzeDomain (175ms)
			TypeCache.Refresh (11ms)
				TypeCache.ScanAssembly (0ms)
			BuildScriptInfoCaches (150ms)
			ResolveRequiredComponents (9ms)
	FinalizeReload (670ms)
		ReleaseScriptCaches (0ms)
		RebuildScriptCaches (0ms)
		SetupLoadedEditorAssemblies (496ms)
			LogAssemblyErrors (0ms)
			InitializePlatformSupportModulesInManaged (2ms)
			SetLoadedEditorAssemblies (5ms)
			BeforeProcessingInitializeOnLoad (99ms)
			ProcessInitializeOnLoadAttributes (327ms)
			ProcessInitializeOnLoadMethodAttributes (56ms)
			AfterProcessingInitializeOnLoad (6ms)
			EditorAssembliesLoaded (0ms)
		ExecutionOrderSort2 (0ms)
		AwakeInstancesAfterBackupRestoration (17ms)
Refreshing native plugins compatible for Editor in 1.51 ms, found 3 plugins.
Preloading 0 native plugins for Editor in 0.00 ms.
Unloading 27 Unused Serialized files (Serialized files now loaded: 0)
Unloading 6004 unused Assets / (5.5 MB). Loaded Objects now: 6882.
Memory consumption went from 179.3 MB to 173.8 MB.
Total: 13.084000 ms (FindLiveObjects: 0.699200 ms CreateObjectMapping: 0.724400 ms MarkObjects: 5.981200 ms  DeleteObjects: 5.677600 ms)

Prepare: number of updated asset objects reloaded= 0
========================================================================
Received Prepare
Begin MonoManager ReloadAssembly
- Loaded All Assemblies, in  0.727 seconds
Refreshing native plugins compatible for Editor in 1.60 ms, found 3 plugins.
Assertion failed on expression: 'pred(*previous, *i)'
Assertion failed on expression: 'pred(*previous, *i)'
Assertion failed on expression: 'pred(*previous, *i)'
Assertion failed on expression: 'pred(*previous, *i)'
Assertion failed on expression: 'pred(*previous, *i)'
Assertion failed on expression: 'pred(*previous, *i)'
Assertion failed on expression: 'pred(*previous, *i)'
Assertion failed on expression: 'pred(*previous, *i)'
Assertion failed on expression: 'pred(*previous, *i)'
Assertion failed on expression: 'pred(*previous, *i)'
Assertion failed on expression: 'pred(*previous, *i)'
Assertion failed on expression: 'pred(*previous, *i)'
Native extension for WindowsStandalone target not found
Mono: successfully reloaded assembly
- Finished resetting the current domain, in  0.656 seconds
Domain Reload Profiling: 1383ms
	BeginReloadAssembly (224ms)
		ExecutionOrderSort (0ms)
		DisableScriptedObjects (5ms)
		BackupInstance (0ms)
		ReleaseScriptingObjects (0ms)
		CreateAndSetChildDomain (58ms)
	RebuildCommonClasses (34ms)
	RebuildNativeTypeToScriptingClass (12ms)
	initialDomainReloadingComplete (32ms)
	LoadAllAssembliesAndSetupDomain (426ms)
		LoadAssemblies (378ms)
		RebuildTransferFunctionScriptingTraits (0ms)
		AnalyzeDomain (165ms)
			TypeCache.Refresh (8ms)
				TypeCache.ScanAssembly (0ms)
			BuildScriptInfoCaches (140ms)
			ResolveRequiredComponents (12ms)
	FinalizeReload (657ms)
		ReleaseScriptCaches (0ms)
		RebuildScriptCaches (0ms)
		SetupLoadedEditorAssemblies (476ms)
			LogAssemblyErrors (0ms)
			InitializePlatformSupportModulesInManaged (2ms)
			SetLoadedEditorAssemblies (4ms)
			BeforeProcessingInitializeOnLoad (99ms)
			ProcessInitializeOnLoadAttributes (320ms)
			ProcessInitializeOnLoadMethodAttributes (44ms)
			AfterProcessingInitializeOnLoad (6ms)
			EditorAssembliesLoaded (0ms)
		ExecutionOrderSort2 (0ms)
		AwakeInstancesAfterBackupRestoration (13ms)
Refreshing native plugins compatible for Editor in 2.03 ms, found 3 plugins.
Preloading 0 native plugins for Editor in 0.00 ms.
Unloading 27 Unused Serialized files (Serialized files now loaded: 0)
Unloading 6004 unused Assets / (5.5 MB). Loaded Objects now: 6884.
Memory consumption went from 179.4 MB to 173.9 MB.
Total: 17.554500 ms (FindLiveObjects: 1.407400 ms CreateObjectMapping: 0.947900 ms MarkObjects: 8.626500 ms  DeleteObjects: 6.568100 ms)

Prepare: number of updated asset objects reloaded= 0
